<?xml version="1.0" encoding="UTF-8"?>
<fonts>
	<fontset id="Default" idloc="31390">
		<!--Unity Fonts-->
		<font>
			<name>info.title</name>
			<filename>Roboto-Light.ttf</filename>
			<size>50</size>
			<linespacing>0.9</linespacing>
		</font>
		<font>
			<name>main.menu</name>
			<filename>Roboto-Light.ttf</filename>
			<size>40</size>
			<linespacing>0.9</linespacing>
			<style>uppercase</style>
		</font>
		<font>
			<name>breadcrumb</name>
			<filename>Roboto-Light.ttf</filename>
			<size>30</size>
			<linespacing>0.9</linespacing>
		</font>
		<font>
			<name>breadcrumb.secondary</name>
			<filename>Roboto-Regular.ttf</filename>
			<size>20</size>
			<style>uppercase</style>
		</font>
		<font>
			<name>breadcrumb.tertiary</name>
			<filename>Roboto-Regular.ttf</filename>
			<size>18</size>
			<style>uppercase</style>
		</font>
		<font>
			<name>label</name>
			<filename>Roboto-Light.ttf</filename>
			<size>28</size>
			<linespacing>1</linespacing>
		</font>
		<font>
			<name>zabel</name>    	<!--FILM ACIKLAMA BUYUK FONT-->
			<filename>Roboto-Bold.ttf</filename>
			<size>30</size>
			<linespacing>1</linespacing>
		</font>		
		<font>
			<name>secondary.info</name>
			<filename>Roboto-Bold.ttf</filename>
			<size>22</size>
		</font>
		<font>
			<name>secondary.info.light</name>
			<filename>Roboto-Regular.ttf</filename>
			<size>22</size>
		</font>
		<font>
			<name>secondary.info.small</name>
			<filename>Roboto-Regular.ttf</filename>
			<size>20</size>
		</font>
		<font>
			<name>secondary.info.big</name>
			<filename>Roboto-Regular.ttf</filename>
			<size>25</size>
		</font>
		<font>
			<name>menu.title</name>
			<filename>Roboto-Light.ttf</filename>
			<size>40</size>
			<linespacing>0.9</linespacing>
		</font>
		<font>
			<name>channel</name>
			<filename>Roboto-Black.ttf</filename>
			<size>28</size>
			<linespacing>0.9</linespacing>
		</font>
		<font>
			<name>button</name>
			<filename>Roboto-Light.ttf</filename>
			<size>24</size>
		</font>
		<font>
			<name>button.bold</name>
			<filename>Roboto-Bold.ttf</filename>
			<size>24</size>
		</font>
		<font>
			<name>kai.primary</name>
			<filename>Roboto-Medium.ttf</filename>
			<size>24</size>
		</font>
		<font>
			<name>kai.secondary</name>
			<filename>Roboto-Regular.ttf</filename>
			<size>20</size>
		</font>
		<!-- Normal Fonts -->
		<font>
			<name>font10</name>
			<filename>Roboto-Regular.ttf</filename>
			<size>21</size>
		</font>
		<font>
			<name>font12</name>
			<filename>Roboto-Regular.ttf</filename>
			<size>26</size>
		</font>
		<font>
			<name>font13</name>
			<filename>Roboto-Regular.ttf</filename>
			<size>30</size>
		</font>
		<font>
			<name>font14</name>
			<filename>Roboto-Regular.ttf</filename>
			<size>33</size>
		</font>
		<font>
			<name>font16</name>
			<filename>Roboto-Regular.ttf</filename>
			<size>38</size>
		</font>
		<font>
			<name>font30</name>
			<filename>Roboto-Regular.ttf</filename>
			<size>45</size>
		</font>
		<font>
			<name>fontContextMenu</name>
			<filename>Roboto-Regular.ttf</filename>
			<size>27</size>
		</font>
		<!-- Title Fonts -->
		<font>
			<name>font10_title</name>
			<filename>Roboto-Bold.ttf</filename>
			<size>18</size>
		</font>
		<font>
			<name>font12_title</name>
			<filename>Roboto-Bold.ttf</filename>
			<size>26</size>
		</font>
		<font>
			<name>font13_title</name>
			<filename>Roboto-Bold.ttf</filename>
			<size>30</size>
		</font>
		<font>
			<name>font24_title</name>
			<filename>Roboto-Bold.ttf</filename>
			<size>36</size>
		</font>
		<font>
			<name>font28_title</name>
			<filename>Roboto-Bold.ttf</filename>
			<size>42</size>
		</font>
		<font>
			<name>font30_title</name>
			<filename>Roboto-Bold.ttf</filename>
			<size>45</size>
		</font>
		<font>
			<name>font35_title</name>
			<filename>Roboto-Bold.ttf</filename>
			<size>52</size>
		</font>
		<font>
			<name>font_MainMenu</name>
			<filename>Roboto-Bold.ttf</filename>
			<size>60</size>
		</font>
		<font>
			<name>WeatherTemp</name>
			<filename>Roboto-Bold.ttf</filename>
			<size>120</size>
		</font>
	</fontset>
	<fontset id="RobotoBold" idloc="31393">
		<!--Unity Fonts-->
		<font>
			<name>info.title</name>
			<filename>Roboto-Regular.ttf</filename>
			<size>50</size>
			<linespacing>0.9</linespacing>
		</font>
		<font>
			<name>main.menu</name>
			<filename>Roboto-Regular.ttf</filename>
			<size>40</size>
			<linespacing>0.9</linespacing>
			<style>uppercase</style>
		</font>
		<font>
			<name>breadcrumb</name>
			<filename>Roboto-Regular.ttf</filename>
			<size>30</size>
			<linespacing>0.9</linespacing>
		</font>
		<font>
			<name>breadcrumb.secondary</name>
			<filename>Roboto-Bold.ttf</filename>
			<size>20</size>
			<style>uppercase</style>
		</font>
		<font>
			<name>breadcrumb.tertiary</name>
			<filename>Roboto-Bold.ttf</filename>
			<size>18</size>
			<style>uppercase</style>
		</font>
		<font>
			<name>label</name>
			<filename>Roboto-Regular.ttf</filename>
			<size>28</size>
			<linespacing>1</linespacing>
		</font>
		<font>
			<name>secondary.info</name>
			<filename>Roboto-Black.ttf</filename>
			<size>22</size>
		</font>
		<font>
			<name>secondary.info.light</name>
			<filename>Roboto-Bold.ttf</filename>
			<size>22</size>
		</font>
		<font>
			<name>secondary.info.small</name>
			<filename>Roboto-Bold.ttf</filename>
			<size>20</size>
		</font>
		<font>
			<name>secondary.info.big</name>
			<filename>Roboto-Bold.ttf</filename>
			<size>25</size>
		</font>
		<font>
			<name>menu.title</name>
			<filename>Roboto-Regular.ttf</filename>
			<size>40</size>
			<linespacing>0.9</linespacing>
		</font>
		<font>
			<name>channel</name>
			<filename>Roboto-Black.ttf</filename>
			<size>28</size>
			<linespacing>0.9</linespacing>
		</font>
		<font>
			<name>button</name>
			<filename>Roboto-Regular.ttf</filename>
			<size>24</size>
		</font>
		<font>
			<name>button.bold</name>
			<filename>Roboto-Black.ttf</filename>
			<size>24</size>
		</font>
		<font>
			<name>kai.primary</name>
			<filename>Roboto-Medium.ttf</filename>
			<size>24</size>
		</font>
		<font>
			<name>kai.secondary</name>
			<filename>Roboto-Bold.ttf</filename>
			<size>20</size>
		</font>
		<!-- Normal Fonts -->
		<font>
			<name>font10</name>
			<filename>Roboto-Bold.ttf</filename>
			<size>21</size>
		</font>
		<font>
			<name>font12</name>
			<filename>Roboto-Bold.ttf</filename>
			<size>26</size>
		</font>
		<font>
			<name>font13</name>
			<filename>Roboto-Bold.ttf</filename>
			<size>30</size>
		</font>
		<font>
			<name>font14</name>
			<filename>Roboto-Bold.ttf</filename>
			<size>33</size>
		</font>
		<font>
			<name>font16</name>
			<filename>Roboto-Bold.ttf</filename>
			<size>38</size>
		</font>
		<font>
			<name>font30</name>
			<filename>Roboto-Bold.ttf</filename>
			<size>45</size>
		</font>
		<font>
			<name>fontContextMenu</name>
			<filename>Roboto-Bold.ttf</filename>
			<size>27</size>
		</font>
		<!-- Title Fonts -->
		<font>
			<name>font10_title</name>
			<filename>Roboto-Black.ttf</filename>
			<size>18</size>
		</font>
		<font>
			<name>font12_title</name>
			<filename>Roboto-Black.ttf</filename>
			<size>26</size>
		</font>
		<font>
			<name>font13_title</name>
			<filename>Roboto-Black.ttf</filename>
			<size>30</size>
		</font>
		<font>
			<name>font24_title</name>
			<filename>Roboto-Black.ttf</filename>
			<size>36</size>
		</font>
		<font>
			<name>font28_title</name>
			<filename>Roboto-Black.ttf</filename>
			<size>42</size>
		</font>
		<font>
			<name>font30_title</name>
			<filename>Roboto-Black.ttf</filename>
			<size>45</size>
		</font>
		<font>
			<name>font35_title</name>
			<filename>Roboto-Black.ttf</filename>
			<size>52</size>
		</font>
		<font>
			<name>font_MainMenu</name>
			<filename>Roboto-Black.ttf</filename>
			<size>60</size>
		</font>
		<font>
			<name>WeatherTemp</name>
			<filename>Roboto-Black.ttf</filename>
			<size>120</size>
		</font>
	</fontset>
	<fontset id="RobotoBlack" idloc="31394">
		<!--Unity Fonts-->
		<font>
			<name>info.title</name>
			<filename>Roboto-Black.ttf</filename>
			<size>50</size>
			<linespacing>0.9</linespacing>
		</font>
		<font>
			<name>main.menu</name>
			<filename>Roboto-Black.ttf</filename>
			<size>40</size>
			<linespacing>0.9</linespacing>
			<style>uppercase</style>
		</font>
		<font>
			<name>breadcrumb</name>
			<filename>Roboto-Black.ttf</filename>
			<size>30</size>
			<linespacing>0.9</linespacing>
		</font>
		<font>
			<name>breadcrumb.secondary</name>
			<filename>Roboto-Black.ttf</filename>
			<size>20</size>
			<style>uppercase</style>
		</font>
		<font>
			<name>breadcrumb.tertiary</name>
			<filename>Roboto-Black.ttf</filename>
			<size>18</size>
			<style>uppercase</style>
		</font>
		<font>
			<name>label</name>
			<filename>Roboto-Black.ttf</filename>
			<size>28</size>
			<linespacing>1</linespacing>
		</font>
		<font>
			<name>secondary.info</name>
			<filename>Roboto-Black.ttf</filename>
			<size>22</size>
		</font>
		<font>
			<name>secondary.info.light</name>
			<filename>Roboto-Black.ttf</filename>
			<size>22</size>
		</font>
		<font>
			<name>secondary.info.small</name>
			<filename>Roboto-Black.ttf</filename>
			<size>20</size>
		</font>
		<font>
			<name>secondary.info.big</name>
			<filename>Roboto-Black.ttf</filename>
			<size>25</size>
		</font>
		<font>
			<name>menu.title</name>
			<filename>Roboto-Black.ttf</filename>
			<size>40</size>
			<linespacing>0.9</linespacing>
		</font>
		<font>
			<name>channel</name>
			<filename>Roboto-Black.ttf</filename>
			<size>28</size>
			<linespacing>0.9</linespacing>
		</font>
		<font>
			<name>button</name>
			<filename>Roboto-Black.ttf</filename>
			<size>24</size>
		</font>
		<font>
			<name>button.bold</name>
			<filename>Roboto-Black.ttf</filename>
			<size>24</size>
		</font>
		<font>
			<name>kai.primary</name>
			<filename>Roboto-Black.ttf</filename>
			<size>24</size>
		</font>
		<font>
			<name>kai.secondary</name>
			<filename>Roboto-Black.ttf</filename>
			<size>20</size>
		</font>
		<!-- Normal Fonts -->
		<font>
			<name>font10</name>
			<filename>Roboto-Black.ttf</filename>
			<size>21</size>
		</font>
		<font>
			<name>font12</name>
			<filename>Roboto-Black.ttf</filename>
			<size>26</size>
		</font>
		<font>
			<name>font13</name>
			<filename>Roboto-Black.ttf</filename>
			<size>30</size>
		</font>
		<font>
			<name>font14</name>
			<filename>Roboto-Black.ttf</filename>
			<size>33</size>
		</font>
		<font>
			<name>font16</name>
			<filename>Roboto-Black.ttf</filename>
			<size>38</size>
		</font>
		<font>
			<name>font30</name>
			<filename>Roboto-Black.ttf</filename>
			<size>45</size>
		</font>
		<font>
			<name>fontContextMenu</name>
			<filename>Roboto-Black.ttf</filename>
			<size>27</size>
		</font>
		<!-- Title Fonts -->
		<font>
			<name>font10_title</name>
			<filename>Roboto-Black.ttf</filename>
			<size>18</size>
		</font>
		<font>
			<name>font12_title</name>
			<filename>Roboto-Black.ttf</filename>
			<size>26</size>
		</font>
		<font>
			<name>font13_title</name>
			<filename>Roboto-Black.ttf</filename>
			<size>30</size>
		</font>
		<font>
			<name>font24_title</name>
			<filename>Roboto-Black.ttf</filename>
			<size>36</size>
		</font>
		<font>
			<name>font28_title</name>
			<filename>Roboto-Black.ttf</filename>
			<size>42</size>
		</font>
		<font>
			<name>font30_title</name>
			<filename>Roboto-Black.ttf</filename>
			<size>45</size>
		</font>
		<font>
			<name>font35_title</name>
			<filename>Roboto-Black.ttf</filename>
			<size>52</size>
		</font>
		<font>
			<name>font_MainMenu</name>
			<filename>Roboto-Black.ttf</filename>
			<size>60</size>
		</font>
		<font>
			<name>WeatherTemp</name>
			<filename>Roboto-Black.ttf</filename>
			<size>120</size>
		</font>
	</fontset>
	<fontset id="DefaultNoCaps" idloc="31391">
		<!-- Normal Fonts -->
		<font>
			<name>font10</name>
			<filename>Roboto-Regular.ttf</filename>
			<size>21</size>
		</font>
		<font>
			<name>font12</name>
			<filename>Roboto-Regular.ttf</filename>
			<size>26</size>
		</font>
		<font>
			<name>font13</name>
			<filename>Roboto-Regular.ttf</filename>
			<size>30</size>
		</font>
		<font>
			<name>font14</name>
			<filename>Roboto-Regular.ttf</filename>
			<size>33</size>
		</font>
		<font>
			<name>font16</name>
			<filename>Roboto-Regular.ttf</filename>
			<size>38</size>
		</font>
		<font>
			<name>font30</name>
			<filename>Roboto-Regular.ttf</filename>
			<size>45</size>
		</font>
		<font>
			<name>fontContextMenu</name>
			<filename>Roboto-Regular.ttf</filename>
			<size>27</size>
		</font>
		<!-- Title Fonts -->
		<font>
			<name>font10_title</name>
			<filename>Roboto-Bold.ttf</filename>
			<size>18</size>
		</font>
		<font>
			<name>font12_title</name>
			<filename>Roboto-Bold.ttf</filename>
			<size>26</size>
		</font>
		<font>
			<name>font13_title</name>
			<filename>Roboto-Bold.ttf</filename>
			<size>30</size>
		</font>
		<font>
			<name>font24_title</name>
			<filename>Roboto-Bold.ttf</filename>
			<size>36</size>
		</font>
		<font>
			<name>font28_title</name>
			<filename>Roboto-Bold.ttf</filename>
			<size>42</size>
		</font>
		<font>
			<name>font30_title</name>
			<filename>Roboto-Bold.ttf</filename>
			<size>45</size>
		</font>
		<font>
			<name>font35_title</name>
			<filename>Roboto-Bold.ttf</filename>
			<size>52</size>
		</font>
		<font>
			<name>font_MainMenu</name>
			<filename>Roboto-Bold.ttf</filename>
			<size>60</size>
		</font>
		<font>
			<name>WeatherTemp</name>
			<filename>Roboto-Bold.ttf</filename>
			<size>120</size>
		</font>
	</fontset>
	<fontset id="Arial" idloc="31392">
		<!-- Arial Font better for non English -->
		<font>
			<name>font10</name>
			<filename>arial.ttf</filename>
			<size>18</size>
		</font>
		<font>
			<name>font12</name>
			<filename>arial.ttf</filename>
			<size>22</size>
		</font>
		<font>
			<name>font13</name>
			<filename>arial.ttf</filename>
			<size>27</size>
		</font>
		<font>
			<name>font14</name>
			<filename>arial.ttf</filename>
			<size>30</size>
		</font>
		<font>
			<name>font16</name>
			<filename>arial.ttf</filename>
			<size>34</size>
		</font>
		<font>
			<name>font30</name>
			<filename>arial.ttf</filename>
			<size>42</size>
		</font>
		<font>
			<name>fontContextMenu</name>
			<filename>arial.ttf</filename>
			<size>24</size>
		</font>
		<!-- Title Fonts -->
		<font>
			<name>font10_title</name>
			<filename>arial.ttf</filename>
			<size>15</size>
			<style>bold</style>
		</font>
		<font>
			<name>font12_title</name>
			<filename>arial.ttf</filename>
			<size>22</size>
			<style>bold</style>
		</font>
		<font>
			<name>font13_title</name>
			<filename>arial.ttf</filename>
			<size>27</size>
			<style>bold</style>
		</font>
		<font>
			<name>font24_title</name>
			<filename>arial.ttf</filename>
			<size>33</size>
			<style>bold</style>
		</font>
		<font>
			<name>font28_title</name>
			<filename>arial.ttf</filename>
			<size>39</size>
			<style>bold</style>
		</font>
		<font>
			<name>font30_title</name>
			<filename>arial.ttf</filename>
			<size>42</size>
			<style>bold</style>
		</font>
		<font>
			<name>font35_title</name>
			<filename>arial.ttf</filename>
			<size>50</size>
			<style>bold</style>
		</font>
		<font>
			<name>font_MainMenu</name>
			<filename>arial.ttf</filename>
			<size>52</size>
			<style>bold</style>
		</font>
		<font>
			<name>WeatherTemp</name>
			<filename>arial.ttf</filename>
			<size>120</size>
			<style>bold</style>
		</font>
	</fontset>
	<fontset id="Ubuntu Condensed" idloc="31481">
		<!-- Lyrics Fonts -->
		<include>LyricsFonts</include>
		<!-- Normal Fonts -->
		<font>
			<name>fontArial15</name>
			<filename>arial.ttf</filename>
			<size>35</size>
		</font>
		<font>
			<name>font10</name>
			<filename>UbuntuCondensed-Regular.ttf</filename>
			<size>21</size>
		</font>
		<font>
			<name>font11_compact</name>
			<filename>UbuntuCondensed-Regular.ttf</filename>
			<size>24</size>
			<linespacing>.8</linespacing>
		</font>
		<font>
			<name>font12</name>
			<filename>UbuntuCondensed-Regular.ttf</filename>
			<size>26</size>
		</font>
		<font>
			<name>font13</name>
			<filename>UbuntuCondensed-Regular.ttf</filename>
			<size>30</size>
		</font>
		<font>
			<name>font13_bold</name>
			<filename>UbuntuCondensed-Regular.ttf</filename>
			<style>bold</style>
			<size>30</size>
		</font>
		<font>
			<name>font14_textbox</name>
			<filename>UbuntuCondensed-Regular.ttf</filename>
			<size>33</size>
			<linespacing>1.27</linespacing>
		</font>
		<font>
			<name>font14_textbox2</name>
			<filename>UbuntuCondensed-Regular.ttf</filename>
			<size>33</size>
			<linespacing>1.1</linespacing>
		</font>
		<font>
			<name>font15_textbox</name>
			<filename>UbuntuCondensed-Regular.ttf</filename>
			<size>35</size>
			<linespacing>1.4</linespacing>
		</font>
		<font>
			<name>font15_textbox2</name>
			<filename>UbuntuCondensed-Regular.ttf</filename>
			<size>36</size>
			<linespacing>1.3</linespacing>
		</font>
		<font>
			<name>font14</name>
			<filename>UbuntuCondensed-Regular.ttf</filename>
			<size>33</size>
		</font>
		<font>
			<name>font14_bold</name>
			<filename>UbuntuCondensed-Regular.ttf</filename>
			<style>bold</style>
			<size>33</size>
		</font>
		<font>
			<name>font15</name>
			<filename>UbuntuCondensed-Regular.ttf</filename>
			<size>35</size>
		</font>
		<font>
			<name>font15_bold</name>
			<filename>UbuntuCondensed-Regular.ttf</filename>
			<style>bold</style>
			<size>35</size>
		</font>
		<font>
			<name>font16</name>
			<filename>UbuntuCondensed-Regular.ttf</filename>
			<size>38</size>
		</font>
		<font>
			<name>font16_textbox</name>
			<filename>UbuntuCondensed-Regular.ttf</filename>
			<size>38</size>
			<linespacing>1.4</linespacing>
		</font>
		<font>
			<name>font16bold_textbox</name>
			<filename>UbuntuCondensed-Regular.ttf</filename>
			<style>bold</style>
			<size>38</size>
			<linespacing>1.4</linespacing>
		</font>
		<font>
			<name>font30</name>
			<filename>UbuntuCondensed-Regular.ttf</filename>
			<size>45</size>
		</font>
		<font>
			<name>font48</name>
			<filename>UbuntuCondensed-Regular.ttf</filename>
			<size>48</size>
		</font>
		<font>
			<name>font48_bold</name>
			<filename>UbuntuCondensed-Regular.ttf</filename>
			<style>bold</style>
			<size>48</size>
		</font>
		<font>
			<name>font52_bold</name>
			<filename>UbuntuCondensed-Regular.ttf</filename>
			<style>bold</style>
			<size>52</size>
		</font>
		<!-- LiveTV Fonts -->
		<font>
			<name>font60</name>
			<filename>UbuntuCondensed-Regular.ttf</filename>
			<size>60</size>
		</font>
		<font>
			<name>font65</name>
			<filename>UbuntuCondensed-Regular.ttf</filename>
			<size>65</size>
		</font>
		<font>
			<name>font24_bold</name>
			<filename>UbuntuCondensed-Regular.ttf</filename>
			<size>24</size>
			<style>bold</style>
		</font>
		<font>
			<name>font28_bold</name>
			<filename>UbuntuCondensed-Regular.ttf</filename>
			<size>28</size>
			<style>bold</style>
		</font>
		<font>
			<name>font11</name>
			<filename>UbuntuCondensed-Regular.ttf</filename>
			<size>24</size>
		</font>
		<font>
			<name>font12b</name>
			<filename>UbuntuCondensed-Regular.ttf</filename>
			<size>28</size>
		</font>
		<font>
			<name>font13b</name>
			<filename>UbuntuCondensed-Regular.ttf</filename>
			<size>32</size>
		</font>
		<!-- Title Fonts -->
		<font>
			<name>font12_title</name>
			<filename>UbuntuCondensed-Regular.ttf</filename>
			<style>uppercase</style>
			<size>26</size>
		</font>
		<font>
			<name>font13_title</name>
			<filename>UbuntuCondensed-Regular.ttf</filename>
			<style>uppercase</style>
			<size>30</size>
		</font>
		<font>
			<name>font14_title</name>
			<filename>UbuntuCondensed-Regular.ttf</filename>
			<style>uppercase</style>
			<size>33</size>
		</font>
		<font>
			<name>font15_title</name>
			<filename>UbuntuCondensed-Regular.ttf</filename>
			<style>uppercase</style>
			<size>35</size>
		</font>
		<font>
			<name>font16_title</name>
			<filename>UbuntuCondensed-Regular.ttf</filename>
			<style>uppercase</style>
			<size>38</size>
		</font>
		<font>
			<name>font16_title_bold</name>
			<filename>UbuntuCondensed-Regular.ttf</filename>
			<style>uppercase bold</style>
			<size>38</size>
		</font>
		<font>
			<name>font24_title</name>
			<filename>UbuntuCondensed-Regular.ttf</filename>
			<style>uppercase</style>
			<size>36</size>
		</font>
		<font>
			<name>font30_title</name>
			<filename>UbuntuCondensed-Regular.ttf</filename>
			<style>uppercase</style>
			<size>45</size>
		</font>
		<font>
			<name>font30_title_bold</name>
			<filename>UbuntuCondensed-Regular.ttf</filename>
			<style>uppercase bold</style>
			<size>45</size>
		</font>
		<font>
			<name>font48_title</name>
			<filename>UbuntuCondensed-Regular.ttf</filename>
			<style>uppercase</style>
			<size>48</size>
		</font>
		<font>
			<name>font35_title</name>
			<filename>UbuntuCondensed-Regular.ttf</filename>
			<style>uppercase</style>
			<size>52</size>
		</font>
		<font>
			<name>font35_title_bold</name>
			<filename>UbuntuCondensed-Regular.ttf</filename>
			<style>uppercase bold</style>
			<size>52</size>
		</font>
		<font>
			<name>font60caps_title</name>
			<filename>UbuntuCondensed-Regular.ttf</filename>
			<style>uppercase</style>
			<size>60</size>
		</font>
		<font>
			<name>font45caps_title</name>
			<filename>UbuntuCondensed-Regular.ttf</filename>
			<style>uppercase</style>
			<size>68</size>
		</font>
		<font>
			<name>font100caps_title</name>
			<filename>UbuntuCondensed-Regular.ttf</filename>
			<style>uppercase</style>
			<size>100</size>
		</font>
		<font>
			<name>font_musicviz</name>
			<filename>BebasNeue.ttf</filename>
			<size>92</size>
		</font>
		<font>
			<name>font_skinversion</name>
			<filename>LeagueGothic-Regular.ttf</filename>
			<linespacing>0</linespacing>
			<size>65</size>
		</font>
		<font>
			<name>font_kodiversion</name>
			<filename>LeagueGothic-Regular.ttf</filename>
			<linespacing>0</linespacing>
			<size>58</size>
		</font>
		<font>
			<name>font_MainMenu</name>
			<filename>UbuntuCondensed-Regular.ttf</filename>
			<linespacing>0</linespacing>
			<style>uppercase</style>
			<size>112</size>
		</font>
		<font>
			<name>font_VerticalMainMenu</name>
			<filename>BebasNeue.ttf</filename>
			<size>75</size>
		</font>
		<font>
			<name>BigAssFont</name>
			<filename>BebasNeue.ttf</filename>
			<size>600</size>
		</font>
		<font>
			<name>BigAssTimeFont</name>
			<filename>UbuntuCondensed-Regular.ttf</filename>
			<size>180</size>
			<linespacing>.8</linespacing>
		</font>
		<font>
			<name>WeatherTemp</name>
			<filename>UbuntuCondensed-Regular.ttf</filename>
			<style>uppercase</style>
			<size>120</size>
		</font>
		<!-- Icons -->
		<include>CommonIconFonts</include>
		<!-- Misc Fonts -->
		<font>
			<name>fontCDartist</name>
			<filename>PermanentMarker.ttf</filename>
			<size>45</size>
			<linespacing>.8</linespacing>
		</font>
		<font>
			<name>fontCDalbum</name>
			<filename>PermanentMarker.ttf</filename>
			<size>36</size>
			<linespacing>.8</linespacing>
		</font>
	</fontset>

</fonts>