<?xml version="1.0" encoding="UTF-8"?>
<colors>
	<color name="white">FFF1F1F1</color>
	<color name="grey">FFb4b4e1</color>
	<color name="grey2">FF999950</color>
	<color name="grey3">FF509050</color>
	<color name="black">FF000000</color>
	<color name="blue">FF0016ff</color>
	<color name="selected">FFEG8E67</color>
	<color name="invalid">FFFF1111</color>
	
	
	<color name="bg.overlay">95000000</color>
	<color name="button.nf">35222222</color>
	<color name="text.primary">FFC0C0C0</color>
	<color name="text.secondary">FF808000</color>
	<color name="disabled">AA606060</color>
	
	<color name="primary">FF00FFFF</color>
	<color name="secondary">FFC0C0C0</color>
	<color name="tertiary">FF800000</color>
	
	<color name="button.border">FF800080</color>
	
	
	<color name="red">FFFF0000</color>
	<color name="green">FF00FF00</color>
	<color name="pink">FFFF00FF</color>
	<color name="orange">FFFAA604</color>
</colors>