<?xml version="1.0" encoding="UTF-8"?>
    <addon id="repository.smoothstreams" name="SmoothStreams.tv" version="2.0.8" provider-name="Smoothstreams">
        <requires>
            <import addon="xbmc.addon" version="12.0.0"/>
        </requires>
        <extension point="xbmc.addon.repository" name="SmooothStreams.tv">
            <info compressed="false">https://kodi.smoothstreams.tv/repos/addons.xml</info>
            <checksum>https://kodi.smoothstreams.tv/repos/addons.xml.md5</checksum>
            <datadir zip="true">https://kodi.smoothstreams.tv/repos/</datadir>
            <hashes>false</hashes>
        </extension>
        <extension point="xbmc.addon.metadata">
            <summary>SmoothStreams Addons</summary>
            <description>This repository contains addons for various wowza servers.</description>
            <platform>all</platform>
    </extension>
</addon>
