<dir>
  <title>ABC</title>
  <tmdb>network/shows/2</tmdb>
  <thumbnail>http://oi68.tinypic.com/1grwpy.jpg</thumbnail>
</dir>

<dir>
  <title>Amazon</title>
  <tmdb>network/shows/1024</tmdb>
  <thumbnail>http://oi65.tinypic.com/33o5il3.jpg</thumbnail>
  <fantart></fantart>
</dir>

<dir>
  <title>BBC 1</title>
  <tmdb>network/shows/4</tmdb>
  <thumbnail>http://oi67.tinypic.com/20kohfk.jpg</thumbnail>
  <fantart></fantart>
</dir>

<dir>
  <title>BBC 2</title>
  <tmdb>network/shows/332</tmdb>
  <thumbnail>http://oi65.tinypic.com/2a941nt.jpg</thumbnail>
  <fantart></fantart>
</dir>

<dir>
  <title>CBS</title>
  <tmdb>network/shows/16</tmdb>
  <thumbnail>http://oi65.tinypic.com/20j21ky.jpg</thumbnail>
  <fantart></fantart>
</dir>

<dir>
  <title>Channel 4</title>
  <tmdb>network/shows/26</tmdb>
  <thumbnail>http://oi64.tinypic.com/6nwfb9.jpg</thumbnail>
  <fantart></fantart>
</dir>

<dir>
  <title>Comedy Central</title>
  <tmdb>network/shows/47</tmdb>
  <thumbnail>http://oi65.tinypic.com/wtfu6v.jpg</thumbnail>
  <fantart></fantart>
</dir>

<dir>
  <title>The CW</title>
  <tmdb>network/shows/71</tmdb>
  <thumbnail>http://oi65.tinypic.com/2vbsv2s.jpg</thumbnail>
  <fantart></fantart>
</dir>

<dir>
  <title>Dave</title>
  <tmdb>network/shows/388</tmdb>
  <thumbnail>http://oi66.tinypic.com/2gyddhk.jpg</thumbnail>
  <fantart></fantart>
</dir>

<dir>
  <title>DIY Network</title>
  <tmdb>network/shows/625</tmdb>
  <thumbnail>http://oi64.tinypic.com/2ujlb3s.jpg</thumbnail>
  <fantart></fantart>
</dir>

<dir>
  <title>E4</title>
  <tmdb>network/shows/136</tmdb>
  <thumbnail>http://oi66.tinypic.com/352raea.jpg</thumbnail>
  <fantart></fantart>
</dir>

<dir>
  <title>HBO</title>
  <tmdb>network/shows/49</tmdb>
  <thumbnail>http://oi63.tinypic.com/apimj7.jpg</thumbnail>
  <fantart></fantart>
</dir>

<dir>
  <title>Hulu</title>
  <tmdb>network/shows/453</tmdb>
  <thumbnail>http://oi66.tinypic.com/29w4zmq.jpg</thumbnail>
</dir>

<dir>
  <title>ITV</title>
  <tmdb>network/shows/9</tmdb>
  <thumbnail>http://oi66.tinypic.com/2zin4na.jpg</thumbnail>
  <fantart></fantart>
</dir>

<dir>
  <title>MTV</title>
  <tmdb>network/shows/33</tmdb>
  <thumbnail>http://oi65.tinypic.com/dbk46v.jpg</thumbnail>
  <fantart></fantart>
</dir>

<dir>
  <title>NBC</title>
  <tmdb>network/shows/6</tmdb>
  <thumbnail>http://oi64.tinypic.com/6tl015.jpg</thumbnail>
  <fantart></fantart>
</dir>

<dir>
  <title>Netflix</title>
  <tmdb>network/shows/213</tmdb>
  <thumbnail>http://oi65.tinypic.com/13zqtmg.jpg</thumbnail>
  <fantart></fantart>
</dir>


<dir>
  <title>Showtime</title>
  <tmdb>network/shows/67</tmdb>
  <thumbnail>http://oi67.tinypic.com/2laub1k.jpg</thumbnail>
  <fantart></fantart>
</dir>

<dir>
  <title>Spike</title>
  <tmdb>network/shows/55</tmdb>
  <thumbnail>http://oi66.tinypic.com/33m6fd2.jpg</thumbnail>
  <fantart></fantart>
</dir>

<dir>
  <title>Starz</title>
  <tmdb>network/shows/318</tmdb>
  <thumbnail>http://oi64.tinypic.com/25grzuq.jpg</thumbnail>
  <fantart></fantart>
</dir>

<dir>
  <title>SyFy</title>
  <tmdb>network/shows/77</tmdb>
  <thumbnail>http://oi68.tinypic.com/6iejwp.jpg</thumbnail>
  <fantart></fantart>
</dir>

<dir>
  <title>TBS</title>
  <tmdb>network/shows/68</tmdb>
  <thumbnail>http://oi66.tinypic.com/2qv9jcx.jpg</thumbnail>
  <fantart></fantart>
</dir>

<dir>
  <title>TNT</title>
  <tmdb>network/shows/41</tmdb>
  <thumbnail>http://oi67.tinypic.com/292ux6b.jpg</thumbnail>
  <fantart></fantart>
</dir>

<dir>
  <title>USA</title>
  <tmdb>network/shows/30</tmdb>
  <thumbnail>http://oi66.tinypic.com/16hothx.jpg</thumbnail>
  <fantart></fantart>
</dir>