<?xml version="1.0" encoding="UTF-8" standalone="yes"?>
<addon id="plugin.program.mattboxwizard" name="Mattbox Wizard" version="0.0.3" provider-name="Mattitch">
  <requires>
    <import addon="xbmc.python" version="2.1.0"/>
  </requires>
  <extension point="xbmc.python.pluginsource" library="default.py">
    <provides>executable</provides>
  </extension>
  <extension point="xbmc.service" library="startup.py" start="startup" />
  <extension point="xbmc.addon.metadata">
    <summary lang="en">Mattbox Wizard</summary>
    <description lang="en">Mattbox Wizard - automatic update of your custom build</description>
    <platform>all</platform>
  </extension>
</addon>