<xml>
	<dir>
        	<title>Daily TV Updates</title>
        	<link>https://github.com/mattitch/images/raw/master/dtv/tvmenu.xml</link>
    	</dir>

	<plugin>
        	<title>TV Catch Up Magic Dragon</title>
        	<link>plugin://plugin.video.themagicdragon/?fanart=http%3a%2f%2fsupremacy.org.uk%2ftombraider%2fdogsbollocks%2fIcons%2ffanart.jpg&amp;mode=1&amp;name=%5bB%5d%5bI%5d%5bCOLORgold%5dCatch%20Up%20TV%5b%2fB%5d%5b%2fI%5d%5b%2fCOLOR%5d&amp;url=http%3a%2f%2fsupremacy.org.uk%2ftombraider%2fdogsbollocks%2flatesttv.txt&quot;,return</link>
    	</plugin>

	<dir>
		<title>TV Calendar</title>
		<tvmaze>calendar</tvmaze>
	</dir>

 
    	<dir>
        	<title>TV Collection</title>
        	<trakt>https://api.trakt.tv/sync/collection/shows</trakt>
    	</dir>
 
    	<dir>
      		<title>My lists</title>
      		<trakt>https://api.trakt.tv/users/me/lists/</trakt>
    	</dir>
 
	<dir>
		<title>Networks</title>
		<link>https://pastebin.com/raw/Vtpy5pbj</link>
	</dir>

</xml>
