<xml>
 
    <dir>
        <title>WELCOME TO MATTBOX TV [COLOR=red] ver 2[/COLOR]</title>
		<link>plugin://plugin.video.mattboxtv/xml/main.xml</link>
		<thumbnail>https://mattbox.000webhostapp.com/mattboxtv/img/welcome.png</thumbnail>
    </dir>
 
    <item>
        <title>================================</title>
<thumbnail>https://mattbox.000webhostapp.com/mattboxtv/img/plain.PNG</thumbnail>
    </item>
    <dir>
    <title>Movies</title>
    <link>file://movies.xml</link>
	<thumbnail>https://mattbox.000webhostapp.com/mattboxtv/img/mov.png</thumbnail>	
    </dir>
 
    <dir>
        <title>TV Shows</title>
        <link>file://tv.xml</link>
		<thumbnail>https://mattbox.000webhostapp.com/mattboxtv/img/tvshows.png</thumbnail>
    </dir>
 
    <dir>
        <title>Sports</title>
        <link>https://pastebin.com/raw/RBJDrwNC</link>
		<thumbnail>https://mattbox.000webhostapp.com/mattboxtv/img/sports.png</thumbnail>
    </dir>
   
    <dir>
        <title>Kids</title>
        <link>file://kids/kids.xml</link>
		<thumbnail>https://mattbox.000webhostapp.com/mattboxtv/img/kids.png</thumbnail>
		</dir>
 
    <dir>
        <title>Live TV</title>
        <link>https://pastebin.com/raw/wazdzZ1t</link>
		<thumbnail>https://mattbox.000webhostapp.com/mattboxtv/img/livetv.png</thumbnail>
    </dir>
 
 
<dir>
<title>Music</title>
<link>https://pastebin.com/raw/Dx1Z0bdr</link>
<thumbnail>https://mattbox.000webhostapp.com/mattboxtv/img/music.png</thumbnail>
</dir>
 
<dir>
<title>Documentarys</title>
<link>https://pastebin.com/raw/MphSMxra</link>
<thumbnail>https://mattbox.000webhostapp.com/mattboxtv/img/docs.png</thumbnail>
</dir>

<dir>
<title>Podcasts</title>
<link>https://pastebin.com/raw/b6PgzGdh</link>
<thumbnail>https://mattbox.000webhostapp.com/mattboxtv/img/pods.png</thumbnail>
</dir>
   
 
    <dir>
        <title>Search Movies & TV Shows</title>
        <trakt>search</trakt>
	<thumbnail>https://mattbox.000webhostapp.com/mattboxtv/img/search.png</thumbnail>
    </dir>
 

 
 
</xml>
RAW Paste Data
