<xml>


<dir>
<title>Rosie Time</title>
<link>file://kids/Rosie-TV.xml</link>
<thumbnail>https://raw.githubusercontent.com/mattitch/images/master/kids/rosie.png</thumbnail>
</dir>

<dir>
<title>Poppys Place</title>
<link>file://kids/Poppys-TV.xml</link>
<thumbnail>https://raw.githubusercontent.com/mattitch/images/master/kids/pops.png</thumbnail>
<fanart>https://raw.githubusercontent.com/mattitch/images/master/kids/pops.jpg</fanart>
</dir>

<dir>
<title>Lilys Pad</title>
<link>file://kids/Lily-TV.xml</link>
<thumbnail>https://raw.githubusercontent.com/mattitch/images/master/kids/lily.png</thumbnail>
</dir>


<dir>
<title>Barbie Movies</title>
<link>file://kids/barbie.xml</link>
</dir>

<dir>
            <title>Latest Releases (Short List)</title>
            <wctoon>main/updates/0</wctoon>
        </dir>

        <dir>
            <title>Latest Releases (Full List)</title>
            <wctoon>wcdaily-updates</wctoon>
        </dir>

        <dir>
            <title>Popular Series (Short List)</title>
            <wctoon>main/popular_series/0</wctoon>
        </dir>

        <dir>
            <title>Popular Series (Full List)</title>
            <wctoon>popular-cartoon</wctoon>
        </dir>

        <dir>
            <title>Cartoons</title>
            <wctoon>category/cartoon</wctoon>
        </dir>

        <dir>
            <title>Movies</title>
            <wctoon>category/movies</wctoon>
        </dir>

        <dir>
            <title>Search Movies</title>
            <wctoon>wcsearch</wctoon>
        </dir>
</xml>