<?xml version="1.0" encoding="UTF-8" standalone="yes"?>
<addon id="script.smoothstreams"
       name="SmoothStreams.tv"
       version="0.9.6"
       provider-name="SmoothStreams">
    <requires>
        <import addon="xbmc.python" version="2.1.0"/>
        <import addon="script.module.requests" version="2.3.0"/>
        <import addon="script.module.url.downloader" version="0.0.9"/>
        <import addon="service.url.downloader" version="0.0.9"/>
    </requires>
    <extension point="xbmc.python.script" library="default.py">
        <provides>video</provides>
    </extension>
    <extension point="xbmc.addon.metadata">
        <summary lang="en">SmoothStreams.tv Official Kodi Addon</summary>
        <description lang="en">SmoothStreams.tv Official Kodi Addon</description>
        <disclaimer lang="en"></disclaimer>
        <news>
v0.9.6  (2018-02-09)
        - MS Service : Change required
v0.9.5  (2017-12-14)
        - Left/Right on EPG scrolls past event better/faster.
        - EPG loading time optimised</news>
        <license>GNU GENERAL PUBLIC LICENSE. Version 3, 29 June 2007.</license>
        <forum></forum>
        <website></website>
        <source></source>
        <platform>all</platform>
    </extension>
</addon>
