<item>
	<title>[COLOR=white]Barbie in the Nutcracker[/COLOR]</title>
	<meta>
	<imdb>tt0288441</imdb>
	<content>movie</content>
	<title>Barbie in the Nutcracker</title>
	<year>2001</year>
	</meta>
	<link>
	<sublink>https://lb.watchanimesub.net/Movies/Barbie%20in%20the%20Nutcracker%20Movie.mp4?st=uvtJP4bKp15oW1vzQBWiWw&e=1550499871</sublink>
	</link>
	<thumbnail>https://image.tmdb.org/t/p/w1280/mzj9LHDBYp6H85LsUnFjINNrDoJ.jpg</thumbnail>
	<fanart>https://image.tmdb.org/t/p/w1280/usdqzFgdE6va4pYqljFIRi3wYF6.jpg</fanart>
</item>
<plugin>
	<title>[COLOR=white]Barbie as Rapunzel[/COLOR]</title>
	<meta>
	<imdb>tt0313255</imdb>
	<content>movie</content>
	<title>Barbie as Rapunzel</title>
	<year>2002</year>
	</meta>
	<link>plugin://plugin.video.mattboxtv/?mode=WCPlayVideo&amp;url=direct%2Fhttps%3A%2F%2Fwww.watchcartoononline.io%2Fbarbie-as-rapunzel&amp;name=%5BCOLOR+FFffffffff%5DBarbie+as+Rapunzel%5B%2FCOLOR%5D&amp;iconimage=C%3A%5CUsers%5CMattitch%5CAppData%5CRoaming%5CKodi%5Caddons%5Cplugin.video.mattboxtv%5Cicon.png&amp;fanart=C%3A%5CUsers%5CMattitch%5CAppData%5CRoaming%5CKodi%5Caddons%5Cplugin.video.mattboxtv%5Cfanart.jpg&amp;description=No+information+available&quot;)</link>
	<thumbnail>https://image.tmdb.org/t/p/w1280/ysiGzuMSc0nFmmDPn9z7U7YSFYf.jpg</thumbnail>
	<fanart>https://image.tmdb.org/t/p/w1280/5QYvVQuXagj8W14vci4L9XI1EnS.jpg</fanart>
</plugin>
<plugin>
	<title>[COLOR=white]Barbie of Swan Lake[/COLOR]</title>
	<meta>
	<imdb>tt0383206</imdb>
	<content>movie</content>
	<title>Barbie of Swan Lake</title>
	<year>2003</year>
	</meta>
	<link>plugin://plugin.video.mattboxtv/?mode=WCPlayVideo&amp;url=direct%2Fhttps%3A%2F%2Fwww.watchcartoononline.io%2Fbarbie-of-swan-lake&amp;name=%5BCOLOR+FFffffffff%5DBarbie+of+Swan+Lake%5B%2FCOLOR%5D&amp;iconimage=C%3A%5CUsers%5CMattitch%5CAppData%5CRoaming%5CKodi%5Caddons%5Cplugin.video.mattboxtv%5Cicon.png&amp;fanart=C%3A%5CUsers%5CMattitch%5CAppData%5CRoaming%5CKodi%5Caddons%5Cplugin.video.mattboxtv%5Cfanart.jpg&amp;description=No+information+available&quot;)
	</link>
	<thumbnail>https://image.tmdb.org/t/p/w1280/pvT9At5ctQe9lo4uBgxmpokToTr.jpg</thumbnail>
	<fanart>https://image.tmdb.org/t/p/w1280/tonrulTmO9ZyZmsAsr5yr9ciE4c.jpg</fanart>
</plugin>
<plugin>
	<title>[COLOR=white]Barbie as the Princess and the Pauper[/COLOR]</title>
	<meta>
	<imdb>tt0426955</imdb>
	<content>movie</content>
	<title>Barbie as the Princess and the Pauper</title>
	<year>2004</year>
	</meta>
	<link>plugin://plugin.video.mattboxtv/?mode=WCPlayVideo&amp;url=direct%2Fhttps%3A%2F%2Fwww.watchcartoononline.io%2Fbarbie-as-the-princess-and-the-pauper&amp;name=%5BCOLOR+FFffffffff%5DBarbie+as+the+Princess+and+the+Pauper%5B%2FCOLOR%5D&amp;iconimage=C%3A%5CUsers%5CMattitch%5CAppData%5CRoaming%5CKodi%5Caddons%5Cplugin.video.mattboxtv%5Cicon.png&amp;fanart=C%3A%5CUsers%5CMattitch%5CAppData%5CRoaming%5CKodi%5Caddons%5Cplugin.video.mattboxtv%5Cfanart.jpg&amp;description=No+information+available&quot;)</link>
	<thumbnail>https://image.tmdb.org/t/p/w1280/xHYsUwUe4MaNc6mbNBGTkqZSnPk.jpg</thumbnail>
	<fanart>https://image.tmdb.org/t/p/w1280/hAEQCcfA05wP2SplosJn1dkienN.jpg</fanart>
</plugin>
<plugin>
	<title>[COLOR=white]Barbie Fairytopia[/COLOR]</title>
	<meta>
	<imdb>tt0450982</imdb>
	<content>movie</content>
	<title>Barbie Fairytopia</title>
	<year>2005</year>
	</meta>
	<link>plugin://plugin.video.mattboxtv/?mode=WCPlayVideo&amp;url=direct%2Fhttps%3A%2F%2Fwww.watchcartoononline.io%2Fbarbie-fairytopia&amp;name=%5BCOLOR+FFffffffff%5DBarbie%3A+Fairytopia%5B%2FCOLOR%5D&amp;iconimage=C%3A%5CUsers%5CMattitch%5CAppData%5CRoaming%5CKodi%5Caddons%5Cplugin.video.mattboxtv%5Cicon.png&amp;fanart=C%3A%5CUsers%5CMattitch%5CAppData%5CRoaming%5CKodi%5Caddons%5Cplugin.video.mattboxtv%5Cfanart.jpg&amp;description=No+information+available&quot;)</link>
	<thumbnail>https://image.tmdb.org/t/p/w1280/sEV9YelDOwKPLOWys65CoxfGwjS.jpg</thumbnail>
	<fanart>https://image.tmdb.org/t/p/w1280/b6HOd3QTuo5BmVjBHClSfKpG0qP.jpg</fanart>
</plugin>
<plugin>
	<title>[COLOR=white]Barbie and the Magic of Pegasus 3 D[/COLOR]</title>
	<meta>
	<imdb>tt0480345</imdb>
	<content>movie</content>
	<title>Barbie and the Magic of Pegasus 3 D</title>
	<year>2005</year>
	</meta>
	<link>plugin://plugin.video.mattboxtv/?mode=WCPlayVideo&amp;url=direct%2Fhttps%3A%2F%2Fwww.watchcartoononline.io%2Fbarbie-and-the-magic-of-pegasus&amp;name=%5BCOLOR+FFffffffff%5DBarbie+and+the+Magic+of+Pegasus%5B%2FCOLOR%5D&amp;iconimage=C%3A%5CUsers%5CMattitch%5CAppData%5CRoaming%5CKodi%5Caddons%5Cplugin.video.mattboxtv%5Cicon.png&amp;fanart=C%3A%5CUsers%5CMattitch%5CAppData%5CRoaming%5CKodi%5Caddons%5Cplugin.video.mattboxtv%5Cfanart.jpg&amp;description=No+information+available&quot;)</link>
	<thumbnail>https://image.tmdb.org/t/p/w1280/ePFX1CjHYoyK9L5O5BEJ6Wc41l5.jpg</thumbnail>
	<fanart>https://image.tmdb.org/t/p/w1280/rHWb0EEpPZYrdaNerJAkit2gEUR.jpg</fanart>
</plugin>
<plugin>
	<title>[COLOR=white]Barbie Fairytopia Mermaidia[/COLOR]</title>
	<meta>
	<imdb>tt0775425</imdb>
	<content>movie</content>
	<title>Barbie Fairytopia Mermaidia</title>
	<year>2006</year>
	</meta>
	<link>plugin://plugin.video.mattboxtv/?mode=WCPlayVideo&amp;url=direct%2Fhttps%3A%2F%2Fwww.watchcartoononline.io%2Fbarbie-mermaidia&amp;name=%5BCOLOR+FFffffffff%5DBarbie+Fairytopia%3A+Mermaidia%5B%2FCOLOR%5D&amp;iconimage=C%3A%5CUsers%5CMattitch%5CAppData%5CRoaming%5CKodi%5Caddons%5Cplugin.video.mattboxtv%5Cicon.png&amp;fanart=C%3A%5CUsers%5CMattitch%5CAppData%5CRoaming%5CKodi%5Caddons%5Cplugin.video.mattboxtv%5Cfanart.jpg&amp;description=No+information+available&quot;)</link>
	<thumbnail>https://image.tmdb.org/t/p/w1280/vwb6k77ztMV717bWdWeFdJ6M4Yv.jpg</thumbnail>
	<fanart>https://image.tmdb.org/t/p/w1280/A5arH3zjBJNQEwDaY2UyKgDA1Xo.jpg</fanart>
</plugin>
<plugin>
	<title>[COLOR=white]Barbie Diaries[/COLOR]</title>
	<meta>
	<imdb>tt0795338</imdb>
	<content>movie</content>
	<title>Barbie Diaries</title>
	<year>2006</year>
	</meta>
	<link>plugin://plugin.video.mattboxtv/?mode=WCPlayVideo&amp;url=direct%2Fhttps%3A%2F%2Fwww.watchcartoononline.io%2Fthe-barbie-diaries&amp;name=%5BCOLOR+FFffffffff%5DThe+Barbie+Diaries%5B%2FCOLOR%5D&amp;iconimage=C%3A%5CUsers%5CMattitch%5CAppData%5CRoaming%5CKodi%5Caddons%5Cplugin.video.mattboxtv%5Cicon.png&amp;fanart=C%3A%5CUsers%5CMattitch%5CAppData%5CRoaming%5CKodi%5Caddons%5Cplugin.video.mattboxtv%5Cfanart.jpg&amp;description=No+information+available&quot;)</link>
	<thumbnail>https://image.tmdb.org/t/p/w1280/aXlLaB1nEu6GRqOTjJtCCDNBchi.jpg</thumbnail>
	<fanart>https://image.tmdb.org/t/p/w1280/iMT2XJgzSKjDfVrIi3pO35UcbMc.jpg</fanart>
</plugin>
<plugin>
	<title>[COLOR=white]Barbie in the 12 Dancing Princesses[/COLOR]</title>
	<meta>
	<imdb>tt0859594</imdb>
	<content>movie</content>
	<title>Barbie in the 12 Dancing Princesses</title>
	<year>2006</year>
	</meta>
	<link>plugin://plugin.video.mattboxtv/?mode=WCPlayVideo&amp;url=direct%2Fhttps%3A%2F%2Fwww.watchcartoononline.io%2Fbarbie-in-the-12-dancing-princesses&amp;name=%5BCOLOR+FFffffffff%5DBarbie+in+the+12+Dancing+Princesses%5B%2FCOLOR%5D&amp;iconimage=C%3A%5CUsers%5CMattitch%5CAppData%5CRoaming%5CKodi%5Caddons%5Cplugin.video.mattboxtv%5Cicon.png&amp;fanart=C%3A%5CUsers%5CMattitch%5CAppData%5CRoaming%5CKodi%5Caddons%5Cplugin.video.mattboxtv%5Cfanart.jpg&amp;description=No+information+available&quot;)</link>
	<thumbnail>https://image.tmdb.org/t/p/w1280/8PBjz1xVq7oRUvV5XpWqJZgUBH4.jpg</thumbnail>
	<fanart>https://image.tmdb.org/t/p/w1280/w4Nn9JnCEc95nE9DTg5140RzGrX.jpg</fanart>
</plugin>
<plugin>
	<title>[COLOR=white]Barbie Fairytopia Magic of the Rainbow[/COLOR]</title>
	<meta>
	<imdb>tt1007920</imdb>
	<content>movie</content>
	<title>Barbie Fairytopia Magic of the Rainbow</title>
	<year>2007</year>
	</meta>
	<link>plugin://plugin.video.mattboxtv/?mode=WCPlayVideo&amp;url=direct%2Fhttps%3A%2F%2Fwww.watchcartoononline.io%2Fbarbie-fairytopia-magic-of-the-rainbow&amp;name=%5BCOLOR+FFffffffff%5DBarbie+Fairytopia%3A+Magic+of+the+Rainbow%5B%2FCOLOR%5D&amp;iconimage=C%3A%5CUsers%5CMattitch%5CAppData%5CRoaming%5CKodi%5Caddons%5Cplugin.video.mattboxtv%5Cicon.png&amp;fanart=C%3A%5CUsers%5CMattitch%5CAppData%5CRoaming%5CKodi%5Caddons%5Cplugin.video.mattboxtv%5Cfanart.jpg&amp;description=No+information+available&quot;)</link>
	<thumbnail>https://image.tmdb.org/t/p/w1280/nJmIZo7qX4iTACcBJdKh3qJ2Tyh.jpg</thumbnail>
	<fanart>https://image.tmdb.org/t/p/w1280/4Z2s7VCVW9Dtezv4zCabIriNRpT.jpg</fanart>
</plugin>
<plugin>
	<title>[COLOR=white]Barbie as the Island Princess[/COLOR]</title>
	<meta>
	<imdb>tt1092053</imdb>
	<content>movie</content>
	<title>Barbie as the Island Princess</title>
	<year>2007</year>
	</meta>
	<link>plugin://plugin.video.mattboxtv/?mode=WCPlayVideo&amp;url=direct%2Fhttps%3A%2F%2Fwww.watchcartoononline.io%2Fbarbie-as-the-island-princess&amp;name=%5BCOLOR+FFffffffff%5DBarbie+as+the+Island+Princess%5B%2FCOLOR%5D&amp;iconimage=C%3A%5CUsers%5CMattitch%5CAppData%5CRoaming%5CKodi%5Caddons%5Cplugin.video.mattboxtv%5Cicon.png&amp;fanart=C%3A%5CUsers%5CMattitch%5CAppData%5CRoaming%5CKodi%5Caddons%5Cplugin.video.mattboxtv%5Cfanart.jpg&amp;description=No+information+available&quot;)</link>
	<thumbnail>https://image.tmdb.org/t/p/w1280/zZ6GDAl3wQQDAExAh2JHf2XGRE4.jpg</thumbnail>
	<fanart>https://image.tmdb.org/t/p/w1280/uYjqi89CyB5lf8YqtPCC2KLa3Qb.jpg</fanart>
</plugin>
<plugin>
	<title>[COLOR=white]Barbie Mariposa and Her Butterfly Fairy Friends[/COLOR]</title>
	<meta>
	<imdb>tt1201561</imdb>
	<content>movie</content>
	<title>Barbie Mariposa and Her Butterfly Fairy Friends</title>
	<year>2008</year>
	</meta>
	<link>plugin://plugin.video.mattboxtv/?mode=WCPlayVideo&amp;url=direct%2Fhttps%3A%2F%2Fwww.watchcartoononline.io%2Fbarbie-mariposa-and-her-butterfly-fairy-friends&amp;name=%5BCOLOR+FFffffffff%5DBarbie+Mariposa+and+Her+Butterfly+Fairy+Friends%5B%2FCOLOR%5D&amp;iconimage=C%3A%5CUsers%5CMattitch%5CAppData%5CRoaming%5CKodi%5Caddons%5Cplugin.video.mattboxtv%5Cicon.png&amp;fanart=C%3A%5CUsers%5CMattitch%5CAppData%5CRoaming%5CKodi%5Caddons%5Cplugin.video.mattboxtv%5Cfanart.jpg&amp;description=No+information+available&quot;)</link>
	<thumbnail>https://image.tmdb.org/t/p/w1280/thT8Ra7YOghzToPAKThQoPYSL90.jpg</thumbnail>
	<fanart>https://image.tmdb.org/t/p/w1280/5tw7ha5cj7QlgivIgzAGg78Z66E.jpg</fanart>
</plugin>
<plugin>
	<title>[COLOR=white]Barbie and the Diamond Castle[/COLOR]</title>
	<meta>
	<imdb>tt1294138</imdb>
	<content>movie</content>
	<title>Barbie and the Diamond Castle</title>
	<year>2008</year>
	</meta>
	<link>plugin://plugin.video.mattboxtv/?mode=WCPlayVideo&amp;url=direct%2Fhttps%3A%2F%2Fwww.watchcartoononline.io%2Fbarbie-and-the-diamond-castle&amp;name=%5BCOLOR+FFffffffff%5DBarbie+and+the+Diamond+Castle%5B%2FCOLOR%5D&amp;iconimage=C%3A%5CUsers%5CMattitch%5CAppData%5CRoaming%5CKodi%5Caddons%5Cplugin.video.mattboxtv%5Cicon.png&amp;fanart=C%3A%5CUsers%5CMattitch%5CAppData%5CRoaming%5CKodi%5Caddons%5Cplugin.video.mattboxtv%5Cfanart.jpg&amp;description=No+information+available&quot;)</link>
	<thumbnail>https://image.tmdb.org/t/p/w1280/dvjFM3GgYm3gDZ6Ulw0JurDYs4r.jpg</thumbnail>
	<fanart>https://image.tmdb.org/t/p/w1280/yjImlENdW0SAT5yUvxCbbFdY0Sn.jpg</fanart>
</plugin>
<plugin>
	<title>[COLOR=white]Barbie in A Christmas Carol[/COLOR]</title>
	<meta>
	<imdb>tt1314715</imdb>
	<content>movie</content>
	<title>Barbie in A Christmas Carol</title>
	<year>2008</year>
	</meta>
	<link>plugin://plugin.video.mattboxtv/?mode=WCPlayVideo&amp;url=direct%2Fhttps%3A%2F%2Fwww.watchcartoononline.io%2Fbarbie-in-a-christmas-carol&amp;name=%5BCOLOR+FFffffffff%5DBarbie+in+A+Christmas+Carol%5B%2FCOLOR%5D&amp;iconimage=C%3A%5CUsers%5CMattitch%5CAppData%5CRoaming%5CKodi%5Caddons%5Cplugin.video.mattboxtv%5Cicon.png&amp;fanart=C%3A%5CUsers%5CMattitch%5CAppData%5CRoaming%5CKodi%5Caddons%5Cplugin.video.mattboxtv%5Cfanart.jpg&amp;description=No+information+available&quot;)</link>
	<thumbnail>https://image.tmdb.org/t/p/w1280/2ugnA4SpuCjzpLEj2tr989AmY6X.jpg</thumbnail>
	<fanart>https://image.tmdb.org/t/p/w1280/1UvCyVRk8w9zXHoOAncDFgON3Eb.jpg</fanart>
</plugin>
<plugin>
	<title>[COLOR=white]Barbie Presents Thumbelina[/COLOR]</title>
	<meta>
	<imdb>tt1398940</imdb>
	<content>movie</content>
	<title>Barbie Presents Thumbelina</title>
	<year>2009</year>
	</meta>
	<link>plugin://plugin.video.mattboxtv/?mode=WCPlayVideo&amp;url=direct%2Fhttps%3A%2F%2Fwww.watchcartoononline.io%2Fbarbie-thumbelina&amp;name=%5BCOLOR+FFffffffff%5DBarbie+Thumbelina%5B%2FCOLOR%5D&amp;iconimage=C%3A%5CUsers%5CMattitch%5CAppData%5CRoaming%5CKodi%5Caddons%5Cplugin.video.mattboxtv%5Cicon.png&amp;fanart=C%3A%5CUsers%5CMattitch%5CAppData%5CRoaming%5CKodi%5Caddons%5Cplugin.video.mattboxtv%5Cfanart.jpg&amp;description=No+information+available&quot;)</link>
	<thumbnail>https://image.tmdb.org/t/p/w1280/ytKd2jWnzWLCiccutqqMNzcP5RE.jpg</thumbnail>
	<fanart>https://image.tmdb.org/t/p/w1280/QAL6ZI2mLEXiIUGhGYd1fYuj9Q.jpg</fanart>
</plugin>
<plugin>
	<title>[COLOR=white]Barbie and the Three Musketeers[/COLOR]</title>
	<meta>
	<imdb>tt1484922</imdb>
	<content>movie</content>
	<title>Barbie and the Three Musketeers</title>
	<year>2009</year>
	</meta>
	<link>plugin://plugin.video.mattboxtv/?mode=WCPlayVideo&amp;url=direct%2Fhttps%3A%2F%2Fwww.watchcartoononline.io%2Fbarbie-and-the-three-musketeers&amp;name=%5BCOLOR+FFffffffff%5DBarbie+and+the+Three+Musketeers%5B%2FCOLOR%5D&amp;iconimage=C%3A%5CUsers%5CMattitch%5CAppData%5CRoaming%5CKodi%5Caddons%5Cplugin.video.mattboxtv%5Cicon.png&amp;fanart=C%3A%5CUsers%5CMattitch%5CAppData%5CRoaming%5CKodi%5Caddons%5Cplugin.video.mattboxtv%5Cfanart.jpg&amp;description=No+information+available&quot;)</link>
	<thumbnail>https://image.tmdb.org/t/p/w1280/zR0ts7zL2P1kQIQXYlnS4KCqqmu.jpg</thumbnail>
	<fanart>https://image.tmdb.org/t/p/w1280/oNKNlh7LSyphIqqOp9NPbxrpl2K.jpg</fanart>
</plugin>
<plugin>
	<title>[COLOR=white]Barbie in a Mermaid Tale[/COLOR]</title>
	<meta>
	<imdb>tt1610301</imdb>
	<content>movie</content>
	<title>Barbie in a Mermaid Tale</title>
	<year>2010</year>
	</meta>
	<link>plugin://plugin.video.mattboxtv/?mode=WCPlayVideo&amp;url=direct%2Fhttps%3A%2F%2Fwww.watchcartoononline.io%2Fbarbie-in-a-mermaid-tale&amp;name=%5BCOLOR+FFffffffff%5DBarbie+in+A+Mermaid+Tale%5B%2FCOLOR%5D&amp;iconimage=C%3A%5CUsers%5CMattitch%5CAppData%5CRoaming%5CKodi%5Caddons%5Cplugin.video.mattboxtv%5Cicon.png&amp;fanart=C%3A%5CUsers%5CMattitch%5CAppData%5CRoaming%5CKodi%5Caddons%5Cplugin.video.mattboxtv%5Cfanart.jpg&amp;description=No+information+available&quot;)</link>
	<thumbnail>https://image.tmdb.org/t/p/w1280/jtOlo3AaXVBnqfMeKGFrZUMPFui.jpg</thumbnail>
	<fanart>https://image.tmdb.org/t/p/w1280/5x3hj0mBo2KrAVaA5Ix0FGixMsu.jpg</fanart>
</plugin>
<plugin>
	<title>[COLOR=white]Barbie A Fashion Fairytale[/COLOR]</title>
	<meta>
	<imdb>tt1725929</imdb>
	<content>movie</content>
	<title>Barbie A Fashion Fairytale</title>
	<year>2010</year>
	</meta>
	<link>plugin://plugin.video.mattboxtv/?mode=WCPlayVideo&amp;url=direct%2Fhttps%3A%2F%2Fwww.watchcartoononline.io%2Fbarbie-a-fashion-fairytale&amp;name=%5BCOLOR+FFffffffff%5DBarbie%3A+A+Fashion+Fairytale%5B%2FCOLOR%5D&amp;iconimage=C%3A%5CUsers%5CMattitch%5CAppData%5CRoaming%5CKodi%5Caddons%5Cplugin.video.mattboxtv%5Cicon.png&amp;fanart=C%3A%5CUsers%5CMattitch%5CAppData%5CRoaming%5CKodi%5Caddons%5Cplugin.video.mattboxtv%5Cfanart.jpg&amp;description=No+information+available&quot;)</link>
	<thumbnail>https://image.tmdb.org/t/p/w1280/bFnf8f8DXdCANQ7Y62djgubhh4P.jpg</thumbnail>
	<fanart>https://image.tmdb.org/t/p/w1280/rCajmGxhmyhehUoHt9W95hg78qn.jpg</fanart>
</plugin>
<plugin>
	<title>[COLOR=white]Barbie A Fairy Secret[/COLOR]</title>
	<meta>
	<imdb>tt1800254</imdb>
	<content>movie</content>
	<title>Barbie A Fairy Secret</title>
	<year>2011</year>
	</meta>
	<link>plugin://plugin.video.mattboxtv/?mode=WCPlayVideo&amp;url=direct%2Fhttps%3A%2F%2Fwww.watchcartoononline.io%2Fbarbie-a-fairy-secret&amp;name=%5BCOLOR+FFffffffff%5DBarbie%3A+A+Fairy+Secret%5B%2FCOLOR%5D&amp;iconimage=C%3A%5CUsers%5CMattitch%5CAppData%5CRoaming%5CKodi%5Caddons%5Cplugin.video.mattboxtv%5Cicon.png&amp;fanart=C%3A%5CUsers%5CMattitch%5CAppData%5CRoaming%5CKodi%5Caddons%5Cplugin.video.mattboxtv%5Cfanart.jpg&amp;description=No+information+available&quot;)</link>
	<thumbnail>https://image.tmdb.org/t/p/w1280/wn2aoYKOonwMNKkzfgO5y4ji8pB.jpg</thumbnail>
	<fanart>https://image.tmdb.org/t/p/w1280/oNEChggR9a2wb0bkR4Ba1MeF8mS.jpg</fanart>
</plugin>
<plugin>
	<title>[COLOR=white]Barbie Princess Charm School[/COLOR]</title>
	<meta>
	<imdb>tt2066832</imdb>
	<content>movie</content>
	<title>Barbie Princess Charm School</title>
	<year>2011</year>
	</meta>
	<link>plugin://plugin.video.mattboxtv/?mode=WCPlayVideo&amp;url=direct%2Fhttps%3A%2F%2Fwww.watchcartoononline.io%2Fbarbie-princess-charm-school&amp;name=%5BCOLOR+FFffffffff%5DBarbie%3A+Princess+Charm+School%5B%2FCOLOR%5D&amp;iconimage=C%3A%5CUsers%5CMattitch%5CAppData%5CRoaming%5CKodi%5Caddons%5Cplugin.video.mattboxtv%5Cicon.png&amp;fanart=C%3A%5CUsers%5CMattitch%5CAppData%5CRoaming%5CKodi%5Caddons%5Cplugin.video.mattboxtv%5Cfanart.jpg&amp;description=No+information+available&quot;)</link>
	<thumbnail>https://image.tmdb.org/t/p/w1280/lI2jPbssax6XX5vDqB9mTJHGzfH.jpg</thumbnail>
	<fanart>https://image.tmdb.org/t/p/w1280/vns6UaN7snktRVl1Jbv4G2nQ4VR.jpg</fanart>
</plugin>
<plugin>
	<title>[COLOR=white]Barbie A Perfect Christmas[/COLOR]</title>
	<meta>
	<imdb>tt2091240</imdb>
	<content>movie</content>
	<title>Barbie A Perfect Christmas</title>
	<year>2011</year>
	</meta>
	<link>plugin://plugin.video.mattboxtv/?mode=WCPlayVideo&amp;url=direct%2Fhttps%3A%2F%2Fwww.watchcartoononline.io%2Fbarbie-a-perfect-christmas&amp;name=%5BCOLOR+FFffffffff%5DBarbie%3A+A+Perfect+Christmas%5B%2FCOLOR%5D&amp;iconimage=C%3A%5CUsers%5CMattitch%5CAppData%5CRoaming%5CKodi%5Caddons%5Cplugin.video.mattboxtv%5Cicon.png&amp;fanart=C%3A%5CUsers%5CMattitch%5CAppData%5CRoaming%5CKodi%5Caddons%5Cplugin.video.mattboxtv%5Cfanart.jpg&amp;description=No+information+available&quot;)</link>
	<thumbnail>https://image.tmdb.org/t/p/w1280/u14NrsyD9h505ZXs5Ofm7Tv3AuM.jpg</thumbnail>
	<fanart>https://image.tmdb.org/t/p/w1280/j8M6kBy37Ap39EcIoXYDxt3c24V.jpg</fanart>
</plugin>
<plugin>
	<title>[COLOR=white]Barbie in a Mermaid Tale 2[/COLOR]</title>
	<meta>
	<imdb>tt2197823</imdb>
	<content>movie</content>
	<title>Barbie in a Mermaid Tale 2</title>
	<year>2012</year>
	</meta>
	<link>plugin://plugin.video.mattboxtv/?mode=WCPlayVideo&amp;url=direct%2Fhttps%3A%2F%2Fwww.watchcartoononline.io%2Fbarbie-in-a-mermaid-tale-2&amp;name=%5BCOLOR+FFffffffff%5DBarbie+in+A+Mermaid+Tale+2%5B%2FCOLOR%5D&amp;iconimage=C%3A%5CUsers%5CMattitch%5CAppData%5CRoaming%5CKodi%5Caddons%5Cplugin.video.mattboxtv%5Cicon.png&amp;fanart=C%3A%5CUsers%5CMattitch%5CAppData%5CRoaming%5CKodi%5Caddons%5Cplugin.video.mattboxtv%5Cfanart.jpg&amp;description=No+information+available&quot;)</link>
	<thumbnail>https://image.tmdb.org/t/p/w1280/iVCfTtVDAECpbMSokSNilIR6wPr.jpg</thumbnail>
	<fanart>https://image.tmdb.org/t/p/w1280/w7HX5L5hgxBlHhbV7uyUcdKpSjL.jpg</fanart>
</plugin>
<plugin>
	<title>[COLOR=white]Barbie The Princess & the Popstar[/COLOR]</title>
	<meta>
	<imdb>tt2396690</imdb>
	<content>movie</content>
	<title>Barbie The Princess & the Popstar</title>
	<year>2012</year>
	</meta>
	<link>plugin://plugin.video.mattboxtv/?mode=WCPlayVideo&amp;url=direct%2Fhttps%3A%2F%2Fwww.watchcartoononline.io%2Fbarbie-the-princess-and-the-popstar&amp;name=%5BCOLOR+FFffffffff%5DBarbie%3A+The+Princess+and+the+Popstar%5B%2FCOLOR%5D&amp;iconimage=C%3A%5CUsers%5CMattitch%5CAppData%5CRoaming%5CKodi%5Caddons%5Cplugin.video.mattboxtv%5Cicon.png&amp;fanart=C%3A%5CUsers%5CMattitch%5CAppData%5CRoaming%5CKodi%5Caddons%5Cplugin.video.mattboxtv%5Cfanart.jpg&amp;description=No+information+available&quot;)</link>
	<thumbnail>https://image.tmdb.org/t/p/w1280/2beK4nCj2bQCvQmnE7OHOLvyhOl.jpg</thumbnail>
	<fanart>https://image.tmdb.org/t/p/w1280/mJobXRuhWXKqdMShDZJBzF1mcaC.jpg</fanart>
</plugin>
<plugin>
	<title>[COLOR=white]Barbie in the Pink Shoes[/COLOR]</title>
	<meta>
	<imdb>tt2630134</imdb>
	<content>movie</content>
	<title>Barbie in the Pink Shoes</title>
	<year>2013</year>
	</meta>
	<link>plugin://plugin.video.mattboxtv/?mode=WCPlayVideo&amp;url=direct%2Fhttps%3A%2F%2Fwww.watchcartoononline.io%2Fbarbie-in-the-pink-shoes&amp;name=%5BCOLOR+FFffffffff%5DBarbie+in+the+Pink+Shoes%5B%2FCOLOR%5D&amp;iconimage=C%3A%5CUsers%5CMattitch%5CAppData%5CRoaming%5CKodi%5Caddons%5Cplugin.video.mattboxtv%5Cicon.png&amp;fanart=C%3A%5CUsers%5CMattitch%5CAppData%5CRoaming%5CKodi%5Caddons%5Cplugin.video.mattboxtv%5Cfanart.jpg&amp;description=No+information+available&quot;)</link>
	<thumbnail>https://image.tmdb.org/t/p/w1280/1wBaiset3LLsbAarLlEkwlKyi5t.jpg</thumbnail>
	<fanart>https://image.tmdb.org/t/p/w1280/eMcya0Hi6O8bDROyX2Kd4Ut394k.jpg</fanart>
</plugin>
<plugin>
	<title>[COLOR=white]Barbie Mariposa and the Fairy Princess[/COLOR]</title>
	<meta>
	<imdb>tt2946582</imdb>
	<content>movie</content>
	<title>Barbie Mariposa and the Fairy Princess</title>
	<year>2013</year>
	</meta>
	<link>
	<sublink>plugin://plugin.video.mattboxtv/?mode=WCPlayVideo&amp;url=direct%2Fhttps%3A%2F%2Fwww.watchcartoononline.io%2Fbarbie-mariposa-and-the-fairy-princess&amp;name=%5BCOLOR+FFffffffff%5DBarbie+Mariposa+and+the+Fairy+Princess%5B%2FCOLOR%5D&amp;iconimage=C%3A%5CUsers%5CMattitch%5CAppData%5CRoaming%5CKodi%5Caddons%5Cplugin.video.mattboxtv%5Cicon.png&amp;fanart=C%3A%5CUsers%5CMattitch%5CAppData%5CRoaming%5CKodi%5Caddons%5Cplugin.video.mattboxtv%5Cfanart.jpg&amp;description=No+information+available&quot;)</sublink>
	</link>
	<thumbnail>https://image.tmdb.org/t/p/w1280/twxU1AxLsWphM9RIYJgy8PZ32ye.jpg</thumbnail>
	<fanart>https://image.tmdb.org/t/p/w1280/zBDr2t9wNzfs5FWBvZ9hB27ZN7L.jpg</fanart>
</plugin>
<plugin>
	<title>[COLOR=white]Barbie & Her Sisters in a Pony Tale[/COLOR]</title>
	<meta>
	<imdb>tt3321254</imdb>
	<content>movie</content>
	<title>Barbie & Her Sisters in a Pony Tale</title>
	<year>2013</year>
	</meta>
	<link>
	<sublink>plugin://plugin.video.mattboxtv/?mode=WCPlayVideo&amp;url=direct%2Fhttps%3A%2F%2Fwww.watchcartoononline.io%2Fbarbie-and-her-sisters-in-a-pony-tale&amp;name=%5BCOLOR+FFffffffff%5DBarbie+and+Her+Sisters+in+a+Pony+Tale%5B%2FCOLOR%5D&amp;iconimage=C%3A%5CUsers%5CMattitch%5CAppData%5CRoaming%5CKodi%5Caddons%5Cplugin.video.mattboxtv%5Cicon.png&amp;fanart=C%3A%5CUsers%5CMattitch%5CAppData%5CRoaming%5CKodi%5Caddons%5Cplugin.video.mattboxtv%5Cfanart.jpg&amp;description=No+information+available&quot;)</sublink>
	</link>
	<thumbnail>https://image.tmdb.org/t/p/w1280/8KealD42K5a07Cy2ac8TUnorsMg.jpg</thumbnail>
	<fanart>https://image.tmdb.org/t/p/w1280/hWw08GHk6oTQMrCJ1R3aKnDaXUT.jpg</fanart>
</plugin>
<plugin>
	<title>[COLOR=white]Barbie The Pearl Princess[/COLOR]</title>
	<meta>
	<imdb>tt3504064</imdb>
	<content>movie</content>
	<title>Barbie The Pearl Princess</title>
	<year>2013</year>
	</meta>
	<link>
	<sublink>plugin://plugin.video.mattboxtv/?mode=WCPlayVideo&amp;url=direct%2Fhttps%3A%2F%2Fwww.watchcartoononline.io%2Fbarbie-the-pearl-princess&amp;name=%5BCOLOR+FFffffffff%5DBarbie%3A+The+Pearl+Princess%5B%2FCOLOR%5D&amp;iconimage=C%3A%5CUsers%5CMattitch%5CAppData%5CRoaming%5CKodi%5Caddons%5Cplugin.video.mattboxtv%5Cicon.png&amp;fanart=C%3A%5CUsers%5CMattitch%5CAppData%5CRoaming%5CKodi%5Caddons%5Cplugin.video.mattboxtv%5Cfanart.jpg&amp;description=No+information+available&quot;)</sublink>
	</link>
	<thumbnail>https://image.tmdb.org/t/p/w1280/47e8w90G5JIDd5iK6Hcyg49ciw3.jpg</thumbnail>
	<fanart>https://image.tmdb.org/t/p/w1280/nNNh84CLDFDejq2YkKelo83HrUk.jpg</fanart>
</plugin>
<plugin>
	<title>[COLOR=white]Barbie and the Secret Door[/COLOR]</title>
	<meta>
	<imdb>tt3921852</imdb>
	<content>movie</content>
	<title>Barbie and the Secret Door</title>
	<year>2014</year>
	</meta>
	<link>
	<sublink>plugin://plugin.video.mattboxtv/?mode=WCPlayVideo&amp;url=direct%2Fhttps%3A%2F%2Fwww.watchcartoononline.io%2Fbarbie-and-the-secret-door&amp;name=%5BCOLOR+FFffffffff%5DBarbie+and+the+Secret+Door%5B%2FCOLOR%5D&amp;iconimage=C%3A%5CUsers%5CMattitch%5CAppData%5CRoaming%5CKodi%5Caddons%5Cplugin.video.mattboxtv%5Cicon.png&amp;fanart=C%3A%5CUsers%5CMattitch%5CAppData%5CRoaming%5CKodi%5Caddons%5Cplugin.video.mattboxtv%5Cfanart.jpg&amp;description=No+information+available&quot;)</sublink>
	</link>
	<thumbnail>https://image.tmdb.org/t/p/w1280/5lUo3LmyLZsg1g9rQv5UMXnVkiq.jpg</thumbnail>
	<fanart>https://image.tmdb.org/t/p/w1280/t96xQ0OfuIECMCTHATQmNqOc9nx.jpg</fanart>
</plugin>
<plugin>
	<title>[COLOR=white]Barbie in Princess Power[/COLOR]</title>
	<meta>
	<imdb>tt4215332</imdb>
	<content>movie</content>
	<title>Barbie in Princess Power</title>
	<year>2015</year>
	</meta>
	<link>
	<sublink>plugin://plugin.video.mattboxtv/?mode=WCPlayVideo&amp;url=direct%2Fhttps%3A%2F%2Fwww.watchcartoononline.io%2Fbarbie-in-princess-power&amp;name=%5BCOLOR+FFffffffff%5DBarbie+in+Princess+Power%5B%2FCOLOR%5D&amp;iconimage=C%3A%5CUsers%5CMattitch%5CAppData%5CRoaming%5CKodi%5Caddons%5Cplugin.video.mattboxtv%5Cicon.png&amp;fanart=C%3A%5CUsers%5CMattitch%5CAppData%5CRoaming%5CKodi%5Caddons%5Cplugin.video.mattboxtv%5Cfanart.jpg&amp;description=No+information+available&quot;)</sublink>
	</link>
	<thumbnail>https://image.tmdb.org/t/p/w1280/nCviAdChxibrKRZfvG7MZ2wsqdR.jpg</thumbnail>
	<fanart>https://image.tmdb.org/t/p/w1280/eNNQo0CSJpN7KYrQB6lKFqcNE4W.jpg</fanart>
</plugin>
<plugin>
	<title>[COLOR=white]Barbie in Rock N Royals[/COLOR]</title>
	<meta>
	<imdb>tt4955162</imdb>
	<content>movie</content>
	<title>Barbie in Rock N Royals</title>
	<year>2015</year>
	</meta>
	<link>
	<sublink>plugin://plugin.video.mattboxtv/?mode=WCPlayVideo&amp;url=direct%2Fhttps%3A%2F%2Fwww.watchcartoononline.io%2Fbarbie-in-rock-n-royals&amp;name=%5BCOLOR+FFffffffff%5DBarbie+in+Rock+%27n+Royals%5B%2FCOLOR%5D&amp;iconimage=C%3A%5CUsers%5CMattitch%5CAppData%5CRoaming%5CKodi%5Caddons%5Cplugin.video.mattboxtv%5Cicon.png&amp;fanart=C%3A%5CUsers%5CMattitch%5CAppData%5CRoaming%5CKodi%5Caddons%5Cplugin.video.mattboxtv%5Cfanart.jpg&amp;description=No+information+available&quot;)</sublink>
	</link>
	<thumbnail>https://image.tmdb.org/t/p/w1280/aCKWWQpEijagMEfIOz0vW0aTDmv.jpg</thumbnail>
	<fanart>https://image.tmdb.org/t/p/w1280/m7MyzQhcM2qVbPW5uxcOi1bfDMX.jpg</fanart>
</plugin>
<plugin>
	<title>[COLOR=white]Barbie & Her Sisters in the Great Puppy Adventure[/COLOR]</title>
	<meta>
	<imdb>tt5042426</imdb>
	<content>movie</content>
	<title>Barbie & Her Sisters in the Great Puppy Adventure</title>
	<year>2015</year>
	</meta>
	<link>
	<sublink>plugin://plugin.video.mattboxtv/?mode=WCPlayVideo&amp;url=direct%2Fhttps%3A%2F%2Fwww.watchcartoononline.io%2Fbarbie-and-her-sisters-in-the-great-puppy-adventure&amp;name=%5BCOLOR+FFffffffff%5DBarbie+and+Her+Sisters+in+the+Great+Puppy+Adventure%5B%2FCOLOR%5D&amp;iconimage=C%3A%5CUsers%5CMattitch%5CAppData%5CRoaming%5CKodi%5Caddons%5Cplugin.video.mattboxtv%5Cicon.png&amp;fanart=C%3A%5CUsers%5CMattitch%5CAppData%5CRoaming%5CKodi%5Caddons%5Cplugin.video.mattboxtv%5Cfanart.jpg&amp;description=No+information+available&quot;)</sublink>
	</link>
	<thumbnail>https://image.tmdb.org/t/p/w1280/3xBPf4QNSgop04RTT5wR2YVFWfT.jpg</thumbnail>
	<fanart>https://image.tmdb.org/t/p/w1280/f7RC8bB2AyXA5S9qgIk6ZqXCrMq.jpg</fanart>
</plugin>
<plugin>
	<title>[COLOR=white]Barbie Spy Squad[/COLOR]</title>
	<meta>
	<imdb>tt5042436</imdb>
	<content>movie</content>
	<title>Barbie Spy Squad</title>
	<year>2016</year>
	</meta>
	<link>
	<sublink>plugin://plugin.video.mattboxtv/?mode=WCPlayVideo&amp;url=direct%2Fhttps%3A%2F%2Fwww.watchcartoononline.io%2Fbarbie-spy-squad&amp;name=%5BCOLOR+FFffffffff%5DBarbie%3A+Spy+Squad%5B%2FCOLOR%5D&amp;iconimage=C%3A%5CUsers%5CMattitch%5CAppData%5CRoaming%5CKodi%5Caddons%5Cplugin.video.mattboxtv%5Cicon.png&amp;fanart=C%3A%5CUsers%5CMattitch%5CAppData%5CRoaming%5CKodi%5Caddons%5Cplugin.video.mattboxtv%5Cfanart.jpg&amp;description=No+information+available&quot;)</sublink>
	</link>
	<thumbnail>https://image.tmdb.org/t/p/w1280/rP33Urpto9Ftea7MtNPKgxCGJtu.jpg</thumbnail>
	<fanart>https://image.tmdb.org/t/p/w1280/c7T4tj3qarLNjNmRDfBPzEFSHG0.jpg</fanart>
</plugin>
<plugin>
	<title>[COLOR=white]Barbie Star Light Adventure[/COLOR]</title>
	<meta>
	<imdb>tt5502946</imdb>
	<content>movie</content>
	<title>Barbie Star Light Adventure</title>
	<year>2016</year>
	</meta>
	<link>
	<sublink>search</sublink>
	<sublink>searchsd</sublink>
	</link>
	<thumbnail>https://image.tmdb.org/t/p/w1280/9Yq33EXs9YpgrwGXJlJL73OTpt1.jpg</thumbnail>
	<fanart>https://image.tmdb.org/t/p/w1280/mG4BinljaoTZUuq6hOELfOiiRO9.jpg</fanart>
</plugin>
<plugin>
	<title>[COLOR=white]Barbie & Her Sisters in a Puppy Chase[/COLOR]</title>
	<meta>
	<imdb>tt5888384</imdb>
	<content>movie</content>
	<title>Barbie & Her Sisters in a Puppy Chase</title>
	<year>2016</year>
	</meta>
	<link>
	<sublink>plugin://plugin.video.mattboxtv/?mode=WCPlayVideo&amp;url=direct%2Fhttps%3A%2F%2Fwww.watchcartoononline.io%2Fbarbie-her-sisters-in-a-puppy-chase-2016&amp;name=%5BCOLOR+FFffffffff%5DBarbie+%26+Her+Sisters+in+a+Puppy+Chase+%282016%29%5B%2FCOLOR%5D&amp;iconimage=C%3A%5CUsers%5CMattitch%5CAppData%5CRoaming%5CKodi%5Caddons%5Cplugin.video.mattboxtv%5Cicon.png&amp;fanart=C%3A%5CUsers%5CMattitch%5CAppData%5CRoaming%5CKodi%5Caddons%5Cplugin.video.mattboxtv%5Cfanart.jpg&amp;description=No+information+available&quot;)</sublink>
	</link>
	<thumbnail>https://image.tmdb.org/t/p/w1280/lgBN5BG4GRzc5roVacTPug3J5s7.jpg</thumbnail>
	<fanart>https://image.tmdb.org/t/p/w1280/wrADGaoyKp1v9GILrO5jUROFyfD.jpg</fanart>
</plugin>
<plugin>
	<title>[COLOR=white]Barbie Video Game Hero[/COLOR]</title>
	<meta>
	<imdb>tt6185658</imdb>
	<content>movie</content>
	<title>Barbie Video Game Hero</title>
	<year>2017</year>
	</meta>
	<link>
	<sublink>search</sublink>
	<sublink>searchsd</sublink>
	</link>
	<thumbnail>https://image.tmdb.org/t/p/w1280/fByc0TUhm31qWVYnvvmzpGKnefZ.jpg</thumbnail>
	<fanart>https://image.tmdb.org/t/p/w1280/zaVBBLjYV7FkpQvZGKG1F4PPGC8.jpg</fanart>
</plugin>
<plugin>
	<title>[COLOR=white]Barbie Dolphin Magic[/COLOR]</title>
	<meta>
	<imdb>tt7130740</imdb>
	<content>movie</content>
	<title>Barbie Dolphin Magic</title>
	<year>2017</year>
	</meta>
	<link>
	<sublink>search</sublink>
	<sublink>searchsd</sublink>
	</link>
	<thumbnail>https://image.tmdb.org/t/p/w1280/xOH18OZzkCq9XvojOkH01kbhTr0.jpg</thumbnail>
	<fanart>https://image.tmdb.org/t/p/w1280/e3JlffavtzbN7KyI0bNjxwJEKK2.jpg</fanart>
</plugin>
<plugin>
	<title>[COLOR=white]Barbie and the Rockers Out of This World[/COLOR]</title>
	<meta>
	<imdb>tt0313254</imdb>
	<content>movie</content>
	<title>Barbie and the Rockers Out of This World</title>
	<year>1987</year>
	</meta>
	<link>
	<sublink>plugin://plugin.video.mattboxtv/?mode=WCPlayVideo&amp;url=direct%2Fhttps%3A%2F%2Fwww.watchcartoononline.io%2Fbarbie-and-the-rockers-out-of-this-world&amp;name=%5BCOLOR+FFffffffff%5DBarbie+and+the+Rockers%3A+Out+of+this+World%5B%2FCOLOR%5D&amp;iconimage=C%3A%5CUsers%5CMattitch%5CAppData%5CRoaming%5CKodi%5Caddons%5Cplugin.video.mattboxtv%5Cicon.png&amp;fanart=C%3A%5CUsers%5CMattitch%5CAppData%5CRoaming%5CKodi%5Caddons%5Cplugin.video.mattboxtv%5Cfanart.jpg&amp;description=No+information+available&quot;)</sublink>
	</link>
	<thumbnail>https://image.tmdb.org/t/p/w1280/6ZkC9fITPnZF7e2cMNbMxZuKZ4g.jpg</thumbnail>
	<fanart>https://image.tmdb.org/t/p/w1280/pnFIj6DhTZx2P2IkFwV5J5EaSt3.jpg</fanart>
</plugin>
<plugin>
	<title>[COLOR=white]Barbie and the Sensations Rockin Back to Earth[/COLOR]</title>
	<meta>
	<imdb>tt6381486</imdb>
	<content>movie</content>
	<title>Barbie and the Sensations Rockin Back to Earth</title>
	<year>1987</year>
	</meta>
	<link>
	<sublink>search</sublink>
	<sublink>searchsd</sublink>
	</link>
	<thumbnail>https://image.tmdb.org/t/p/w1280/6ZkC9fITPnZF7e2cMNbMxZuKZ4g.jpg</thumbnail>
	<fanart>https://image.tmdb.org/t/p/w1280/pnFIj6DhTZx2P2IkFwV5J5EaSt3.jpg</fanart>
</plugin>
