<dir>
	<title>[COLOR=white]Elena of Avalor[/COLOR]</title>
	<meta>
	<imdb>tt4549142</imdb>
	<content>tv</content>
	<title>Elena of Avalor</title>
	<year>2016</year>
	</meta>
	<wctoon>wcsearch/Elena of Avalor</wctoon>
	<thumbnail>https://image.tmdb.org/t/p/w1280/cetLvdoKKWvfS37UB9AmkLnI2Ep.jpg</thumbnail>
	<fanart>https://image.tmdb.org/t/p/w1280/f8ulUDizTBpFFsZM9bg5js7RGwO.jpg</fanart>
</dir>
<item>
	<title>[COLOR=white]Sofia the First[/COLOR]</title>
	<meta>
	<imdb>tt2136138</imdb>
	<content>tv</content>
	<title>Sofia the First</title>
	<year>2013</year>
	</meta>
	<wctoon>wcsearch/Sofia the First</wctoon>
	<thumbnail>https://image.tmdb.org/t/p/w1280/soh1wdQ0yaxhzrjmoxYKP0PJCli.jpg</thumbnail>
	<fanart>https://image.tmdb.org/t/p/w1280/nj1qnr4ponnohfhDALLtkZ95iv0.jpg</fanart>
</item>
<dir>
	<title>[COLOR=white]Doc McStuffins[/COLOR]</title>
	<meta>
	<imdb>tt1710295</imdb>
	<content>tv</content>
	<title>Doc McStuffins</title>
	<year>2012</year>
	</meta>
	<wctoon>wcsearch/Doc McStuffins</wctoon>
	<thumbnail>https://image.tmdb.org/t/p/w1280/wmYd0QlTARXcnlxisblPYCE2ErR.jpg</thumbnail>
	<fanart>https://image.tmdb.org/t/p/w1280/a4lDVeRtaxuEKGNlS1Iwl6FBR7U.jpg</fanart>
</dir>
<dir>
	<title>[COLOR=white]Nella the Princess Knight[/COLOR]</title>
	<meta>
	<imdb>tt6415656</imdb>
	<content>tv</content>
	<title>Nella the Princess Knight</title>
	<year>2017</year>
	</meta>
	<wctoon>wcsearch/Nella the Princess Knight</wctoon>
	<thumbnail>https://image.tmdb.org/t/p/w1280/qOK0ShCDmPK814ArnEonBl0SryD.jpg</thumbnail>
	<fanart>https://image.tmdb.org/t/p/w1280/1djzUBDfPysChFN1ZNCPlPQHmry.jpg</fanart>
</dir>
<dir>
	<title>[COLOR=white]Little Charmers[/COLOR]</title>
	<meta>
	<imdb>tt3523560</imdb>
	<content>tv</content>
	<title>Little Charmers</title>
	<year>2015</year>
	</meta>
	<wctoon>wcsearch/Little Charmers</wctoon>
	<thumbnail>https://image.tmdb.org/t/p/w1280/dp7hG8Xl4sjwjgW9wBxlFuYeNeP.jpg</thumbnail>
	<fanart>https://image.tmdb.org/t/p/w1280/vhcg4ZmvRYdB4vY2VEfnlY3K7kN.jpg</fanart>
</dir>
<dir>
	<title>[COLOR=white]Miraculous: Tales of Ladybug & Cat Noir[/COLOR]</title>
	<meta>
	<imdb>tt2580046</imdb>
	<content>tv</content>
	<title>Miraculous: Tales of Ladybug & Cat Noir</title>
	<year>2015</year>
	</meta>
	<wctoon>wcsearch/Miraculous Ladybug</wctoon>
	<thumbnail>https://image.tmdb.org/t/p/w1280/aaGIPximCacgr507RFrxrxcxj2a.jpg</thumbnail>
	<fanart>https://image.tmdb.org/t/p/w1280/ugaNgBYPLBQwYtE7A1WSdLfPEZ4.jpg</fanart>
</dir>
<dir>
	<title>[COLOR=white]Mia and me[/COLOR]</title>
	<meta>
	<imdb>tt2203143</imdb>
	<content>tv</content>
	<title>Mia and me</title>
	<year>2012</year>
	</meta>
	<wctoon>wcsearch/Mia and me</wctoon>
	<thumbnail>https://image.tmdb.org/t/p/w1280/69kgujYHyiRfGu62fq13UCP2l5Z.jpg</thumbnail>
	<fanart>https://image.tmdb.org/t/p/w1280/16Uba0RD4f8SJ4OQJyjTZqy2xB7.jpg</fanart>
</dir>
<dir>
	<title>[COLOR=white]DC Super Hero Girls[/COLOR]</title>
	<meta>
	<imdb>tt5582302</imdb>
	<content>tv</content>
	<title>DC Super Hero Girls</title>
	<year>2015</year>
	</meta>
	<wctoon>wcsearch/DC Super Hero Girls</wctoon>
	<thumbnail>https://image.tmdb.org/t/p/w1280/4DzfXMI4xB9zyQVDokxgdzFSfJS.jpg</thumbnail>
	<fanart>https://image.tmdb.org/t/p/w1280/fgNgf0slvMWZAwLJ0Q2QuEXb4TG.jpg</fanart>
</dir>
<dir>
	<title>[COLOR=white]Angry Birds Toons[/COLOR]</title>
	<meta>
	<imdb>tt3012598</imdb>
	<content>tv</content>
	<title>Angry Birds Toons</title>
	<year>2013</year>
	</meta>
	<wctoon>wcsearch/Angry Birds Toons</wctoon>
	<thumbnail>https://image.tmdb.org/t/p/w1280/8lN3RNXtCdFMMb6kbpdrmdsuRr2.jpg</thumbnail>
	<fanart>https://image.tmdb.org/t/p/w1280/4nMp1OOf8jpZX3exNMnApjwXCzc.jpg</fanart>
</dir>
<dir>
	<title>[COLOR=white]Rapunzel's Tangled Adventure[/COLOR]</title>
	<meta>
	<imdb>tt4902964</imdb>
	<content>tv</content>
	<title>Rapunzel's Tangled Adventure</title>
	<year>2017</year>
	</meta>
	<wctoon>wcsearch/Tangled</wctoon>
	<thumbnail>https://image.tmdb.org/t/p/w1280/s12Z2uGrvjj5sA7LsBStTtfTYjC.jpg</thumbnail>
	<fanart>https://image.tmdb.org/t/p/w1280/4aZJbmmLsWqMhYUOjBbB3308c7.jpg</fanart>
</dir>
<dir>
	<title>[COLOR=white]Be Cool, Scooby-Doo![/COLOR]</title>
	<meta>
	<imdb>tt4215734</imdb>
	<content>tv</content>
	<title>Be Cool, Scooby-Doo!</title>
	<year>2015</year>
	</meta>
	<wctoon>wcsearch/Be Cool, Scooby-Doo!</wctoon>
	<thumbnail>https://image.tmdb.org/t/p/w1280/im1zk7CNHXd1h172b10Z2Nug5UR.jpg</thumbnail>
	<fanart>https://image.tmdb.org/t/p/w1280/y6QQwqkCEsRwT9e3rgMC21cAOVh.jpg</fanart>
</dir>
<dir>
	<title>[COLOR=white]Danger Mouse[/COLOR]</title>
	<meta>
	<imdb>tt4196822</imdb>
	<content>tv</content>
	<title>Danger Mouse</title>
	<year>2015</year>
	</meta>
	<wctoon>wcsearch/Danger Mouse</wctoon>
	<thumbnail>https://image.tmdb.org/t/p/w1280/mxzlDKdMh74uLT5d21ZLc7Af1tt.jpg</thumbnail>
	<fanart>https://image.tmdb.org/t/p/w1280/vWMU6Ue06mGNAqYUmkhEkxd3USa.jpg</fanart>
</dir>
<dir>
	<title>[COLOR=white]Vampirina[/COLOR]</title>
	<meta>
	<imdb>tt7010622</imdb>
	<content>tv</content>
	<title>Vampirina</title>
	<year>2017</year>
	</meta>
	<wctoon>wcsearch/Vampirina</wctoon>
	<thumbnail>https://image.tmdb.org/t/p/w1280/irmCC97ttP6vIEkoVRZ2j98DDiN.jpg</thumbnail>
	<fanart>https://image.tmdb.org/t/p/w1280/6mXarbmzJDsrjacrRvqCMCkupDb.jpg</fanart>
</dir>
<item>
	<title>[COLOR=white]Mickey and the Roadster Racers[/COLOR]</title>
	<meta>
	<imdb>tt6264782</imdb>
	<content>tv</content>
	<title>Mickey and the Roadster Racers</title>
	<year></year>
	</meta>
	<wctoon>wcsearch/Mickey and the Roadster Racers</wctoon>
	<thumbnail>https://image.tmdb.org/t/p/w1280/5me8B4yIwXERyivYiCxyGQboGhE.jpg</thumbnail>
	<fanart>https://image.tmdb.org/t/p/w1280/dBcG40x7EV7mZ2FBsw1uO5Q65E5.jpg</fanart>
</item>
<plugin>
	<title>[COLOR=white]Ever After High[/COLOR]</title>
	<meta>
	<imdb>tt3312378</imdb>
	<content>tv</content>
	<title>Ever After High</title>
	<year>2013</year>
	</meta>
	<link>plugin://plugin.video.mattboxtv/?description=No%20information%20available&amp;fanart=special://home/addons%5cplugin.video.mattboxtv%5cfanart.jpg&amp;iconimage=special://home/addons%5cplugin.video.mattboxtv%5cicon.png&amp;mode=WCEpisodes&amp;name=%5bCOLOR%20FFffffffff%5dEver%20After%20High%5b%2fCOLOR%5d&amp;url=wcepisode%2fhttps%3a%2f%2fwww.watchcartoononline.io%2fanime%2fever-after-high&quot;,return</link>
	<thumbnail>https://image.tmdb.org/t/p/w1280/1Qj933RnqJCO33zisH4XO1hQObB.jpg</thumbnail>
	<fanart>https://image.tmdb.org/t/p/w1280/Kt4cV6rUBKLkKljLFeHs7BKeJR.jpg</fanart>
</plugin>
<dir>
	<title>[COLOR=white]Hotel Transylvania: The Series[/COLOR]</title>
	<meta>
	<imdb>tt4858114</imdb>
	<content>tv</content>
	<title>Hotel Transylvania: The Series</title>
	<year>2017</year>
	</meta>
	<wctoon>wcsearch/Hotel Transylvania</wctoon>
	<thumbnail>https://image.tmdb.org/t/p/w1280/mdPDFNqO7NWUtZIt66nMOmji7hg.jpg</thumbnail>
	<fanart>https://image.tmdb.org/t/p/w1280/6DztqZL27iemPZNQGst9DhnxMM3.jpg</fanart>
</dir>
<dir>
	<title>[COLOR=white]Alvinnn!!! and The Chipmunks[/COLOR]</title>
	<meta>
	<imdb>tt3496230</imdb>
	<content>tv</content>
	<title>Alvinnn!!! and The Chipmunks</title>
	<year>2015</year>
	</meta>
	<wctoon>wcsearch/Alvinnn!!! and The Chipmunks</wctoon>
	<thumbnail>https://image.tmdb.org/t/p/w1280/r4gszoRVIbDS8p0UqrIAfSEGko4.jpg</thumbnail>
	<fanart>https://image.tmdb.org/t/p/w1280/fBrxuv5blZePbLAkPdNNvREzNKz.jpg</fanart>
</dir>
<dir>
	<title>[COLOR=white]Shimmer and Shine[/COLOR]</title>
	<meta>
	<imdb>tt4494948</imdb>
	<content>tv</content>
	<title>Shimmer and Shine</title>
	<year>2016</year>
	</meta>
	<wctoon>wcsearch/Shimmer and Shine</wctoon>
	<thumbnail>https://image.tmdb.org/t/p/w1280/jhNkgWivUix1MBrLW0YOBFKTdKb.jpg</thumbnail>
	<fanart>https://image.tmdb.org/t/p/w1280/5th2cQr8ldkpewtaqjrCL55sMio.jpg</fanart>
</dir>
<dir>
	<title>[COLOR=white]My Little Pony: Friendship is Magic[/COLOR]</title>
	<meta>
	<imdb>tt1751105</imdb>
	<content>tv</content>
	<title>My Little Pony: Friendship is Magic</title>
	<year>2010</year>
	</meta>
	<wctoon>wcsearch/My Little Pony: Friendship is Magic</wctoon>
	<thumbnail>https://image.tmdb.org/t/p/w1280/4NOSPZie6rK0ZFwTamoQJtx3UIe.jpg</thumbnail>
	<fanart>https://image.tmdb.org/t/p/w1280/8iSSsncJ9DhP7k6qhl7heEe4QVH.jpg</fanart>
</dir>
<dir>
	<title>[COLOR=white]The Powerpuff Girls[/COLOR]</title>
	<meta>
	<imdb>tt4718304</imdb>
	<content>tv</content>
	<title>The Powerpuff Girls</title>
	<year>2016</year>
	</meta>
	<wctoon>wcsearch/The Powerpuff Girls</wctoon>
	<thumbnail>https://image.tmdb.org/t/p/w1280/3wGYdqjYIMXlfHC0pZBT7ASwCex.jpg</thumbnail>
	<fanart>https://image.tmdb.org/t/p/w1280/7CWm8N6cRQHSImyTwq6XsFgL9TM.jpg</fanart>
</dir>
<dir>
	<title>[COLOR=white]The Adventures of Puss in Boots[/COLOR]</title>
	<meta>
	<imdb>tt3807034</imdb>
	<content>tv</content>
	<title>The Adventures of Puss in Boots</title>
	<year>2015</year>
	</meta>
	<wctoon>wcsearch/The Adventures of Puss in Boots</wctoon>
	<thumbnail>https://image.tmdb.org/t/p/w1280/w3OOBeOSR60c451hY6KqlRw216o.jpg</thumbnail>
	<fanart>https://image.tmdb.org/t/p/w1280/wr6xfv8JVR20CHvRVY71Ov2OKJi.jpg</fanart>
</dir>
<dir>
	<title>[COLOR=white]The Epic Tales of Captain Underpants[/COLOR]</title>
	<meta>
	<imdb>tt7741830</imdb>
	<content>tv</content>
	<title>The Epic Tales of Captain Underpants</title>
	<year>2018</year>
	</meta>
	<wctoon>wcsearch/The Epic Tales of Captain Underpants</wctoon>
	<thumbnail>https://image.tmdb.org/t/p/w1280/hLaK7YPB4VofyDyBcztee8CbnHH.jpg</thumbnail>
	<fanart>https://image.tmdb.org/t/p/w1280/tV5pAtzZHKZCltnywHp0WGgxLZF.jpg</fanart>
</dir>

<plugin>
	<title>[COLOR=white]Horrible Histories[/COLOR]</title>
	<meta>
	<imdb>tt1400819</imdb>
	<content>tv</content>
	<title>Horrible Histories</title>
	<year>2009</year>
	</meta>
	<link>plugin://plugin.video.iplayerwww/?description=Featuring%20everything%20you%20need%20to%20know%20about%20history%27s%20most%20famous%20family.&amp;iconimage=https%3a%2f%2fichef.bbci.co.uk%2fimages%2fic%2f832x468%2fp0660275.jpg&amp;logged_in=False&amp;mode=128&amp;name=%5bB%5dHorrible%20Histories%5b%2fB%5d&amp;subtitles_url&amp;url=https%3a%2f%2fwww.bbc.co.uk%2fiplayer%2fepisodes%2fb00sp0l8</link>
	<thumbnail>https://image.tmdb.org/t/p/w1280/4goFR4JK6UOJ2yus3WvJunC9pmZ.jpg</thumbnail>
	<fanart>https://image.tmdb.org/t/p/w1280/g8CSrtORDSoKMpzDAgLk4fTZaZb.jpg</fanart>
</plugin>