<?xml version="1.0" encoding="UTF-8" standalone="yes"?>
<window>
    <onload></onload>
    <defaultcontrol>200</defaultcontrol>
    <coordinates>
        <system>1</system>
        <posx>0</posx>
        <posy>0</posy>
    </coordinates>
    <controls>
        <control type="image">
            <posx>516</posx>
            <posy>302</posy>
            <width>247</width>
            <height>114</height>
            <texture>script-smoothstreams-white_square.png</texture>
            <colordiffuse>40000000</colordiffuse>
        </control>
        <control type="image">
            <posx>526</posx>
            <posy>312</posy>
            <width>228</width>
            <height>97</height>
            <texture>script-smoothstreams-white_square.png</texture>
            <colordiffuse>FF1B6DB9</colordiffuse>
        </control>
        <control type="image">
            <posx>540</posx>
            <posy>326</posy>
            <width>199</width>
            <height>69</height>
            <texture>script-smoothstreams-white_square.png</texture>
            <colordiffuse>FF000000</colordiffuse>
        </control>
        <control type="image">
            <posx>546</posx>
            <posy>332</posy>
            <width>138</width>
            <height>57</height>
            <texture>script-smoothstreams-numbers_back.png</texture>
        </control>
        <control type="image">
            <posx>684</posx>
            <posy>332</posy>
            <width>49</width>
            <height>57</height>
            <texture>script-smoothstreams-numbers_back.png</texture>
            <aspectratio align="left">scale</aspectratio>
        </control>
        <control type="image">
            <posx>562</posx>
            <posy>332</posy>
            <width>57</width>
            <height>57</height>
            <texture>$INFO[Window.Property(digit1)]</texture>
        </control>
        <control type="image">
            <posx>611</posx>
            <posy>332</posy>
            <width>57</width>
            <height>57</height>
            <texture>$INFO[Window.Property(digit2)]</texture>
        </control>
        <control type="image">
            <posx>660</posx>
            <posy>332</posy>
            <width>57</width>
            <height>57</height>
            <texture>$INFO[Window.Property(digit3)]</texture>
        </control>
    </controls>
</window>
