<xml>

<dir>
        <title>Movie Collection</title>
        <trakt>https://api.trakt.tv/sync/collection/movies</trakt>
    </dir>
<dir>
        <title>Latest Movies</title>
        <link>http://gen-tec.co/gentecwiz/PLEASE%20SUBSCRIBE%20TO%20CHARLIE%20TEC%20YOUTUBE/star/movies/LastestReleases.xml</link>
    </dir>
	<dir>
      <title>My lists</title>
      <trakt>https://api.trakt.tv/users/me/lists</trakt>
    </dir>
<dir>
<title>Requests</title>
<link>https://pastebin.com/raw/cjYLsN9f</link>
</dir>
</xml>