<?xml version="1.0" encoding="UTF-8"?>
<window type="window" id="1136">
    <defaultcontrol always="true">9999</defaultcontrol>
    <onload>SetProperty(Header_Center_Text,$LOCALIZE[14116])</onload>
    <onload>SetProperty(Header_Left_Text,$LOCALIZE[31050]...)</onload>
    <controls>
        <include>Global_Background</include>
        <include>Topbar</include>
        <control type="button" id="9000">
            <onfocus>SetFocus(9999)</onfocus>
        </control>
        <control type="list" id="9999">
            <onfocus condition="!Integer.IsEqual(Container(9999).NumItems,0) + !Container(9999).IsUpdating">Action(Info)</onfocus>
            <onfocus condition="Integer.IsEqual(Container(9999).NumItems,0) | Container(9999).IsUpdating">AlarmClock(doinfo,SetFocus(9000),00:01,silent)</onfocus>
            <itemlayout />
            <focusedlayout />
            <content limit="1" target="videos">$VAR[Defs_InfoTrick_Title]</content>
        </control>

        <control type="group">
            <visible>!Window.IsVisible(DialogVideoInfo.xml)</visible>
            <include>Global_Overlay</include>
            <include>Defs_BusySpinner</include>
        </control>
    </controls>
</window>