<?xml version="1.0" encoding="UTF-8"?>
<window type="window" id="1138">
    <defaultcontrol always="true">5600</defaultcontrol>
    <onload>SetProperty(Header_Center_Text,$LOCALIZE[31045] &quot;$INFO[Skin.String(SearchTerm)]&quot;)</onload>
    <onload>SetProperty(Header_Left_Text,$LOCALIZE[137])</onload>
    <onload condition="String.IsEmpty(Skin.String(SearchTerm))">Back</onload>
    <controls>
        <include>Global_Background</include>
        <include>Topbar</include>
        
        
        <control type="group">
            <include>View_Group</include>
            <control type="grouplist" id="5600">
                <left>-15</left>
                <top>-20</top>
                <right>-25</right>
                <scrolltime tween="quadratic">400</scrolltime>
                <onup>300</onup>
                <ondown>6000</ondown>
                <height>view_height</height>
                <orientation>vertical</orientation>
                <itemgap>-52</itemgap>
                <usecontrolcoords>true</usecontrolcoords>
                <control type="group" id="7599"><height>0</height></control>

                <include content="View_Cast_Toplabel">
                    <param name="groupid" value="7501" />
                    <param name="id" value="5001" />
                    <param name="label" value="$INFO[Container(5001).NumItems,$LOCALIZE[342] (,)]" />
                    <visible>Control.IsVisible(5001)</visible>
                </include>
                <include content="View_51_Wall_Container">
                    <param name="controllayout" value="View_Cast" />
                    <param name="id" value="5001" />
                    <param name="height" value="item_cast_height" />
                    <param name="orientation" value="horizontal" />
                    <param name="labelinclude" value="Defs_Null" />
                    <param name="visible" value="Integer.IsGreater(Container(5001).NumItems,0) | Container(5001).IsUpdating" />
                    <animation effect="fade" start="100" end="0" condition="!Integer.IsGreater(Container(5001).NumItems,0) | Container(5001).IsUpdating">Conditional</animation>
                    <content target="videos">videodb://movies/titles/?xsp=%7B%22order%22%3A%7B%22direction%22%3A%22ascending%22%2C%22ignorefolders%22%3A0%2C%22method%22%3A%22sorttitle%22%7D%2C%22rules%22%3A%7B%22and%22%3A%5B%7B%22field%22%3A%22title%22%2C%22operator%22%3A%22contains%22%2C%22value%22%3A%5B%22$INFO[Skin.String(SearchTerm)]%22%5D%7D%5D%7D%2C%22type%22%3A%22movies%22%7D</content>
                </include>

                <include content="View_Cast_Toplabel">
                    <param name="groupid" value="7502" />
                    <param name="id" value="5002" />
                    <param name="label" value="$INFO[Container(5002).NumItems,$LOCALIZE[20343] (,)]" />
                    <visible>Control.IsVisible(5002)</visible>
                </include>
                <include content="View_51_Wall_Container">
                    <param name="controllayout" value="View_Cast" />
                    <param name="id" value="5002" />
                    <param name="height" value="item_cast_height" />
                    <param name="orientation" value="horizontal" />
                    <param name="labelinclude" value="Defs_Null" />
                    <param name="visible" value="Integer.IsGreater(Container(5002).NumItems,0) | Container(5002).IsUpdating" />
                    <animation effect="fade" start="100" end="0" condition="!Integer.IsGreater(Container(5002).NumItems,0) | Container(5002).IsUpdating">Conditional</animation>
                    <content target="videos">videodb://tvshows/titles/?xsp=%7B%22order%22%3A%7B%22direction%22%3A%22ascending%22%2C%22ignorefolders%22%3A0%2C%22method%22%3A%22sorttitle%22%7D%2C%22rules%22%3A%7B%22and%22%3A%5B%7B%22field%22%3A%22title%22%2C%22operator%22%3A%22contains%22%2C%22value%22%3A%5B%22$INFO[Skin.String(SearchTerm)]%22%5D%7D%5D%7D%2C%22type%22%3A%22tvshows%22%7D</content>
                </include>

                <include content="View_Cast_Toplabel">
                    <param name="groupid" value="7503" />
                    <param name="id" value="5003" />
                    <param name="label" value="$INFO[Container(5003).NumItems,$LOCALIZE[20360] (,)]" />
                    <visible>Control.IsVisible(5003)</visible>
                </include>
                <include content="View_51_Wall_Container">
                    <param name="controllayout" value="View_Cast" />
                    <param name="id" value="5003" />
                    <param name="height" value="item_cast_height" />
                    <param name="orientation" value="horizontal" />
                    <param name="itemwidth" value="item_landscape_width" />
                    <param name="iconheight" value="item_icon_height" />
                    <param name="diffuse" value="diffuse/landscape-wall.png" />
                    <param name="icon" value="$INFO[ListItem.Icon]" />
                    <param name="label2" value="ListItem.TvShowTitle" />
                    <param name="labelinclude" value="View_Cast_Video_Label" />
                    <param name="visible" value="Integer.IsGreater(Container(5003).NumItems,0) | Container(5003).IsUpdating" />
                    <animation effect="fade" start="100" end="0" condition="!Integer.IsGreater(Container(5003).NumItems,0) | Container(5003).IsUpdating">Conditional</animation>
                    <content target="videos">videodb://tvshows/titles/-1/-1/-1/-1/?xsp=%7B%22order%22%3A%7B%22direction%22%3A%22ascending%22%2C%22ignorefolders%22%3A0%2C%22method%22%3A%22sorttitle%22%7D%2C%22rules%22%3A%7B%22and%22%3A%5B%7B%22field%22%3A%22title%22%2C%22operator%22%3A%22contains%22%2C%22value%22%3A%5B%22$INFO[Skin.String(SearchTerm)]%22%5D%7D%5D%7D%2C%22type%22%3A%22episodes%22%7D</content>
                </include>

                <include content="View_Cast_Toplabel">
                    <param name="groupid" value="7507" />
                    <param name="id" value="5007" />
                    <param name="label" value="$INFO[Skin.String(SearchTerm),$LOCALIZE[515] &quot;[CAPITALIZE],[/CAPITALIZE]&quot;]$INFO[Container(5007).NumItems, (,)]" />
                    <visible>Control.IsVisible(5007)</visible>
                </include>
                <include content="View_51_Wall_Container">
                    <param name="controllayout" value="View_Cast" />
                    <param name="id" value="5007" />
                    <param name="height" value="item_cast_height" />
                    <param name="orientation" value="horizontal" />
                    <param name="labelinclude" value="Defs_Null" />
                    <param name="visible" value="Integer.IsGreater(Container(5007).NumItems,0) | Container(5007).IsUpdating" />
                    <animation effect="fade" start="100" end="0" condition="!Integer.IsGreater(Container(5007).NumItems,0) | Container(5007).IsUpdating">Conditional</animation>
                    <content target="videos">videodb://movies/titles/?xsp=%7B%22order%22%3A%7B%22direction%22%3A%22ascending%22%2C%22ignorefolders%22%3A0%2C%22method%22%3A%22sorttitle%22%7D%2C%22rules%22%3A%7B%22and%22%3A%5B%7B%22field%22%3A%22genre%22%2C%22operator%22%3A%22contains%22%2C%22value%22%3A%5B%22$INFO[Skin.String(SearchTerm)]%22%5D%7D%5D%7D%2C%22type%22%3A%22movies%22%7D</content>
                    <content target="videos">videodb://tvshows/titles/?xsp=%7B%22order%22%3A%7B%22direction%22%3A%22ascending%22%2C%22ignorefolders%22%3A0%2C%22method%22%3A%22sorttitle%22%7D%2C%22rules%22%3A%7B%22and%22%3A%5B%7B%22field%22%3A%22genre%22%2C%22operator%22%3A%22contains%22%2C%22value%22%3A%5B%22$INFO[Skin.String(SearchTerm)]%22%5D%7D%5D%7D%2C%22type%22%3A%22tvshows%22%7D</content>
                </include>

                <include content="View_Cast_Toplabel">
                    <param name="groupid" value="7510" />
                    <param name="id" value="5010" />
                    <param name="label" value="$INFO[Skin.String(SearchTerm),$LOCALIZE[31041] &quot;,&quot;]$INFO[Container(5010).NumItems, (,)]" />
                    <visible>Control.IsVisible(5010)</visible>
                </include>
                <include content="View_51_Wall_Container">
                    <param name="controllayout" value="View_Cast" />
                    <param name="id" value="5010" />
                    <param name="height" value="item_cast_height" />
                    <param name="orientation" value="horizontal" />
                    <param name="labelinclude" value="Defs_Null" />
                    <param name="visible" value="Integer.IsGreater(Container(5010).NumItems,0) | Container(5010).IsUpdating" />
                    <animation effect="fade" start="100" end="0" condition="!Integer.IsGreater(Container(5010).NumItems,0) | Container(5010).IsUpdating">Conditional</animation>
                    <content target="videos">videodb://movies/titles/?xsp=%7B%22order%22%3A%7B%22direction%22%3A%22ascending%22%2C%22ignorefolders%22%3A0%2C%22method%22%3A%22sorttitle%22%7D%2C%22rules%22%3A%7B%22and%22%3A%5B%7B%22field%22%3A%22year%22%2C%22operator%22%3A%22contains%22%2C%22value%22%3A%5B%22$INFO[Skin.String(SearchTerm)]%22%5D%7D%5D%7D%2C%22type%22%3A%22movies%22%7D</content>
                    <content target="videos">videodb://tvshows/titles/?xsp=%7B%22order%22%3A%7B%22direction%22%3A%22ascending%22%2C%22ignorefolders%22%3A0%2C%22method%22%3A%22sorttitle%22%7D%2C%22rules%22%3A%7B%22and%22%3A%5B%7B%22field%22%3A%22year%22%2C%22operator%22%3A%22contains%22%2C%22value%22%3A%5B%22$INFO[Skin.String(SearchTerm)]%22%5D%7D%5D%7D%2C%22type%22%3A%22tvshows%22%7D</content>
                </include>

                <include content="View_Cast_Toplabel">
                    <param name="groupid" value="7511" />
                    <param name="id" value="5011" />
                    <param name="label" value="$INFO[Skin.String(SearchTerm),$LOCALIZE[572] &quot;[CAPITALIZE],[/CAPITALIZE]&quot;]$INFO[Container(5011).NumItems, (,)]" />
                    <visible>Control.IsVisible(5011)</visible>
                </include>
                <include content="View_51_Wall_Container">
                    <param name="controllayout" value="View_Cast" />
                    <param name="id" value="5011" />
                    <param name="height" value="item_cast_height" />
                    <param name="orientation" value="horizontal" />
                    <param name="labelinclude" value="Defs_Null" />
                    <param name="visible" value="Integer.IsGreater(Container(5011).NumItems,0) | Container(5011).IsUpdating" />
                    <animation effect="fade" start="100" end="0" condition="!Integer.IsGreater(Container(5011).NumItems,0) | Container(5011).IsUpdating">Conditional</animation>
                    <content target="videos">videodb://movies/titles/?xsp=%7B%22order%22%3A%7B%22direction%22%3A%22ascending%22%2C%22ignorefolders%22%3A0%2C%22method%22%3A%22sorttitle%22%7D%2C%22rules%22%3A%7B%22and%22%3A%5B%7B%22field%22%3A%22studio%22%2C%22operator%22%3A%22contains%22%2C%22value%22%3A%5B%22$INFO[Skin.String(SearchTerm)]%22%5D%7D%5D%7D%2C%22type%22%3A%22movies%22%7D</content>
                    <content target="videos">videodb://tvshows/titles/?xsp=%7B%22order%22%3A%7B%22direction%22%3A%22ascending%22%2C%22ignorefolders%22%3A0%2C%22method%22%3A%22sorttitle%22%7D%2C%22rules%22%3A%7B%22and%22%3A%5B%7B%22field%22%3A%22studio%22%2C%22operator%22%3A%22contains%22%2C%22value%22%3A%5B%22$INFO[Skin.String(SearchTerm)]%22%5D%7D%5D%7D%2C%22type%22%3A%22tvshows%22%7D</content>
                </include>

                <include content="View_Cast_Toplabel">
                    <param name="groupid" value="7512" />
                    <param name="id" value="5012" />
                    <param name="label" value="$INFO[Skin.String(SearchTerm),$LOCALIZE[574] &quot;[CAPITALIZE],[/CAPITALIZE]&quot;]$INFO[Container(5012).NumItems, (,)]" />
                    <visible>Control.IsVisible(5012)</visible>
                </include>
                <include content="View_51_Wall_Container">
                    <param name="controllayout" value="View_Cast" />
                    <param name="id" value="5012" />
                    <param name="height" value="item_cast_height" />
                    <param name="orientation" value="horizontal" />
                    <param name="labelinclude" value="Defs_Null" />
                    <param name="visible" value="Integer.IsGreater(Container(5012).NumItems,0) | Container(5012).IsUpdating" />
                    <animation effect="fade" start="100" end="0" condition="!Integer.IsGreater(Container(5012).NumItems,0) | Container(5012).IsUpdating">Conditional</animation>
                    <content target="videos">videodb://movies/titles/?xsp=%7B%22order%22%3A%7B%22direction%22%3A%22ascending%22%2C%22ignorefolders%22%3A0%2C%22method%22%3A%22sorttitle%22%7D%2C%22rules%22%3A%7B%22and%22%3A%5B%7B%22field%22%3A%22country%22%2C%22operator%22%3A%22is%22%2C%22value%22%3A%5B%22$INFO[Skin.String(SearchTerm)]%22%5D%7D%5D%7D%2C%22type%22%3A%22movies%22%7D</content>
                </include>

                <include content="View_Cast_Toplabel">
                    <param name="groupid" value="7508" />
                    <param name="id" value="5008" />
                    <param name="label" value="$INFO[Skin.String(SearchTerm),$LOCALIZE[31042] &quot;[CAPITALIZE],[/CAPITALIZE]&quot;]$INFO[Container(5008).NumItems, (,)]" />
                    <visible>Control.IsVisible(5008)</visible>
                </include>
                <include content="View_51_Wall_Container">
                    <param name="controllayout" value="View_Cast" />
                    <param name="id" value="5008" />
                    <param name="height" value="item_cast_height" />
                    <param name="orientation" value="horizontal" />
                    <param name="labelinclude" value="Defs_Null" />
                    <param name="visible" value="Integer.IsGreater(Container(5008).NumItems,0) | Container(5008).IsUpdating" />
                    <animation effect="fade" start="100" end="0" condition="!Integer.IsGreater(Container(5008).NumItems,0) | Container(5008).IsUpdating">Conditional</animation>
                    <content target="videos">videodb://movies/titles/?xsp=%7B%22order%22%3A%7B%22direction%22%3A%22ascending%22%2C%22ignorefolders%22%3A0%2C%22method%22%3A%22sorttitle%22%7D%2C%22rules%22%3A%7B%22and%22%3A%5B%7B%22field%22%3A%22actor%22%2C%22operator%22%3A%22contains%22%2C%22value%22%3A%5B%22$INFO[Skin.String(SearchTerm)]%22%5D%7D%5D%7D%2C%22type%22%3A%22movies%22%7D</content>
                    <content target="videos">videodb://tvshows/titles/?xsp=%7B%22order%22%3A%7B%22direction%22%3A%22ascending%22%2C%22ignorefolders%22%3A0%2C%22method%22%3A%22sorttitle%22%7D%2C%22rules%22%3A%7B%22and%22%3A%5B%7B%22field%22%3A%22actor%22%2C%22operator%22%3A%22contains%22%2C%22value%22%3A%5B%22$INFO[Skin.String(SearchTerm)]%22%5D%7D%5D%7D%2C%22type%22%3A%22tvshows%22%7D</content>
                </include>

                <include content="View_Cast_Toplabel">
                    <param name="groupid" value="7513" />
                    <param name="id" value="5013" />
                    <param name="label" value="$INFO[Skin.String(SearchTerm),$LOCALIZE[31043] &quot;[CAPITALIZE],[/CAPITALIZE]&quot;]$INFO[Container(5013).NumItems, (,)]" />
                    <visible>Control.IsVisible(5013)</visible>
                </include>
                <include content="View_51_Wall_Container">
                    <param name="controllayout" value="View_Cast" />
                    <param name="id" value="5013" />
                    <param name="height" value="item_cast_height" />
                    <param name="orientation" value="horizontal" />
                    <param name="labelinclude" value="Defs_Null" />
                    <param name="visible" value="Integer.IsGreater(Container(5013).NumItems,0) | Container(5013).IsUpdating" />
                    <animation effect="fade" start="100" end="0" condition="!Integer.IsGreater(Container(5013).NumItems,0) | Container(5013).IsUpdating">Conditional</animation>
                    <content target="videos">videodb://movies/titles/?xsp=%7B%22order%22%3A%7B%22direction%22%3A%22ascending%22%2C%22ignorefolders%22%3A0%2C%22method%22%3A%22sorttitle%22%7D%2C%22rules%22%3A%7B%22and%22%3A%5B%7B%22field%22%3A%22director%22%2C%22operator%22%3A%22contains%22%2C%22value%22%3A%5B%22$INFO[Skin.String(SearchTerm)]%22%5D%7D%5D%7D%2C%22type%22%3A%22movies%22%7D</content>
                    <content target="videos">videodb://tvshows/titles/?xsp=%7B%22order%22%3A%7B%22direction%22%3A%22ascending%22%2C%22ignorefolders%22%3A0%2C%22method%22%3A%22sorttitle%22%7D%2C%22rules%22%3A%7B%22and%22%3A%5B%7B%22field%22%3A%22director%22%2C%22operator%22%3A%22contains%22%2C%22value%22%3A%5B%22$INFO[Skin.String(SearchTerm)]%22%5D%7D%5D%7D%2C%22type%22%3A%22tvshows%22%7D</content>
                </include>

                <include content="View_Cast_Toplabel">
                    <param name="groupid" value="7504" />
                    <param name="id" value="5004" />
                    <param name="label" value="$INFO[Container(5004).NumItems,$LOCALIZE[132] (,)]" />
                    <visible>Control.IsVisible(5004)</visible>
                </include>
                <include content="View_51_Wall_Container">
                    <param name="controllayout" value="View_Cast" />
                    <param name="id" value="5004" />
                    <param name="height" value="item_cast_height" />
                    <param name="orientation" value="horizontal" />
                    <param name="itemwidth" value="item_square_width" />
                    <param name="labelinclude" value="Defs_Null" />
                    <param name="visible" value="Integer.IsGreater(Container(5004).NumItems,0) | Container(5004).IsUpdating" />
                    <animation effect="fade" start="100" end="0" condition="!Integer.IsGreater(Container(5004).NumItems,0) | Container(5005).IsUpdating">Conditional</animation>
                    <content target="music">musicdb://albums/?xsp=%7B%22order%22%3A%7B%22direction%22%3A%22ascending%22%2C%22ignorefolders%22%3A0%2C%22method%22%3A%22sorttitle%22%7D%2C%22rules%22%3A%7B%22and%22%3A%5B%7B%22field%22%3A%22album%22%2C%22operator%22%3A%22contains%22%2C%22value%22%3A%5B%22$INFO[Skin.String(SearchTerm)]%22%5D%7D%5D%7D%2C%22type%22%3A%22albums%22%7D</content>
                </include>

                <include content="View_Cast_Toplabel">
                    <param name="groupid" value="7505" />
                    <param name="id" value="5005" />
                    <param name="label" value="$INFO[Container(5005).NumItems,$LOCALIZE[133] (,)]" />
                    <visible>Control.IsVisible(5005)</visible>
                </include>
                <include content="View_51_Wall_Container">
                    <param name="controllayout" value="View_Cast" />
                    <param name="id" value="5005" />
                    <param name="height" value="item_cast_height" />
                    <param name="orientation" value="horizontal" />
                    <param name="itemwidth" value="item_square_width" />
                    <param name="labelinclude" value="Defs_Null" />
                    <param name="visible" value="Integer.IsGreater(Container(5005).NumItems,0) | Container(5005).IsUpdating" />
                    <animation effect="fade" start="100" end="0" condition="!Integer.IsGreater(Container(5005).NumItems,0) | Container(5005).IsUpdating">Conditional</animation>
                    <content target="music">musicdb://artists/?xsp=%7B%22order%22%3A%7B%22direction%22%3A%22ascending%22%2C%22ignorefolders%22%3A0%2C%22method%22%3A%22sorttitle%22%7D%2C%22rules%22%3A%7B%22and%22%3A%5B%7B%22field%22%3A%22artist%22%2C%22operator%22%3A%22contains%22%2C%22value%22%3A%5B%22$INFO[Skin.String(SearchTerm)]%22%5D%7D%5D%7D%2C%22type%22%3A%22artists%22%7D</content>
                </include>

                <include content="View_Cast_Toplabel">
                    <param name="groupid" value="7506" />
                    <param name="id" value="5006" />
                    <param name="label" value="$INFO[Container(5005).ListItem.Label,$LOCALIZE[31044] ,]$INFO[Container(5006).NumItems, (,)]" />
                    <visible>Control.IsVisible(5006)</visible>
                </include>
                <include content="View_51_Wall_Container">
                    <param name="controllayout" value="View_Cast" />
                    <param name="id" value="5006" />
                    <param name="height" value="item_cast_height" />
                    <param name="orientation" value="horizontal" />
                    <param name="itemwidth" value="item_square_width" />
                    <param name="labelinclude" value="Defs_Null" />
                    <param name="visible" value="!String.IsEmpty(Container(5005).ListItem.Label) + [Integer.IsGreater(Container(5006).NumItems,0) | Container(5006).IsUpdating]" />
                    <animation effect="fade" start="100" end="0" condition="!Integer.IsGreater(Container(5006).NumItems,0) | Container(5006).IsUpdating">Conditional</animation>
                    <content target="music">musicdb://albums/?xsp=%7B%22order%22%3A%7B%22direction%22%3A%22ascending%22%2C%22ignorefolders%22%3A0%2C%22method%22%3A%22sorttitle%22%7D%2C%22rules%22%3A%7B%22and%22%3A%5B%7B%22field%22%3A%22artist%22%2C%22operator%22%3A%22contains%22%2C%22value%22%3A%5B%22$INFO[Container(5005).ListItem.Label]%22%5D%7D%5D%7D%2C%22type%22%3A%22albums%22%7D</content>
                </include>

                <include content="View_Cast_Toplabel">
                    <param name="groupid" value="7509" />
                    <param name="id" value="5009" />
                    <param name="label" value="$INFO[Container(5009).NumItems,$LOCALIZE[31141] (,)]" />
                    <visible>Control.IsVisible(5009)</visible>
                </include>
                <include content="View_51_Wall_Container">
                    <param name="controllayout" value="View_Cast" />
                    <param name="id" value="5009" />
                    <param name="height" value="item_cast_height" />
                    <param name="orientation" value="horizontal" />
                    <param name="itemwidth" value="item_landscape_width" />
                    <param name="iconheight" value="item_icon_height" />
                    <param name="diffuse" value="diffuse/landscape-wall.png" />
                    <param name="icon" value="$INFO[ListItem.Icon]" />
                    <param name="label2" value="ListItem.Duration" />
                    <param name="labelinclude" value="View_Cast_Video_Label" />
                    <param name="visible" value="Integer.IsGreater(Container(5009).NumItems,0) | Container(5009).IsUpdating" />
                    <animation effect="fade" start="100" end="0" condition="!Integer.IsGreater(Container(5009).NumItems,0) | Container(5009).IsUpdating">Conditional</animation>
                    <content target="videos" sortby="file" limit="25">plugin://plugin.video.youtube/search/?q=$INFO[Skin.String(SearchTerm)]</content>
                </include>

            </control>
        </control>
    </controls>
</window>