<?xml version="1.0" encoding="UTF-8"?>
<includes>
    <include name="View_52_Showcase_Header">
        <param name="itemgap" default="10" />
        <definition>
            <control type="grouplist">
                <top>-15</top>
                <left>view_pad</left>
                <right>view_pad</right>
                <orientation>vertical</orientation>
                <itemgap>$PARAM[itemgap]</itemgap>
                <usecontrolcoords>true</usecontrolcoords>
                <control type="label">
                    <aligny>top</aligny>
                    <align>center</align>
                    <font>font_title</font>
                    <textcolor>main_fg_100</textcolor>
                    <label>$INFO[ListItem.Label,[B],[/B]]</label>
                    <height>80</height>
                </control>
                <control type="label">
                    <align>center</align>
                    <aligny>top</aligny>
                    <font>font_tiny</font>
                    <textcolor>main_fg_70</textcolor>
                    <label>$VAR[Label_SubTitle]</label>
                    <height>60</height>
                    <visible>!ListItem.IsCollection</visible>
                </control>
                <control type="label">
                    <align>center</align>
                    <aligny>top</aligny>
                    <font>font_tiny</font>
                    <textcolor>$VAR[ColorHighlight]</textcolor>
                    <label>$INFO[Window(Home).Property(SkinHelper.ListItem.Year),[COLOR=main_fg_100],[/COLOR]  |  ]$VAR[Label_Duration,[COLOR=main_fg_100],[/COLOR]  |  ]$VAR[Label_Sets_Count,[COLOR=main_fg_100],[/COLOR]]</label>
                    <height>60</height>
                    <visible>ListItem.IsCollection</visible>
                </control>
            </control>
        </definition>
    </include>

    <include name="View_52_Showcase_Plot">
        <param name="id" default="52" />
        <param name="plotheight" default="120" />
        <param name="ratings" default="true" />
        <param name="bottom" default="-15" />
        <definition>
            <control type="grouplist">
                <orientation>vertical</orientation>
                <bottom>$PARAM[bottom]</bottom>
                <align>bottom</align>
                <itemgap>50</itemgap>
                <usecontrolcoords>true</usecontrolcoords>
                <control type="textbox">
                    <left>view_pad</left>
                    <right>view_pad</right>
                    <label fallback="19055">$VAR[Label_Plot]</label>
                    <height>$PARAM[plotheight]</height>
                    <aligny>center</aligny>
                    <align>center</align>
                    <textcolor>main_fg_70</textcolor>
                    <font>font_plotbox</font>
                </control>
                <include content="Object_Icon_Ratings" condition="$PARAM[ratings]">
                    <param name="id" value="$PARAM[id]" />
                </include>
            </control>
        </definition>
    </include>

    <include name="View_522_Showcase_Seasons_Info">
        <param name="seasons" default="true" />
        <definition>
            <control type="group">
                <include>View_FlipSides</include>
                <top>0</top>
                <width>761.44</width>
                <visible>$PARAM[visible]</visible>
                <include content="View_50_Poster">
                    <param name="height" value="441.435" />
                    <param name="width" value="761.44" />
                    <param name="icon" value="$PARAM[icon]" />
                    <param name="diffuse" value="diffuse/landscape-info.png" />
                </include>
                <control type="image">
                    <top>0</top>
                    <right>50</right>
                    <width>200</width>
                    <height>380</height>
                    <texture background="true">$VAR[Image_ClearLogo]</texture>
                    <aspectratio align="right" aligny="bottom">keep</aspectratio>
                    <visible>!String.IsEmpty(ListItem.Art(clearlogo)) | [Control.HasFocus(522) + !String.IsEmpty(ListItem.Art(tvshow.clearlogo))]</visible>
                </control>
                <control type="grouplist">
                    <top>451.435</top>
                    <left>0</left>
                    <right>30</right>
                    <orientation>vertical</orientation>
                    <usecontrolcoords>true</usecontrolcoords>
                    <itemgap>0</itemgap>
                    <control type="label">
                        <font>font_title_small</font>
                        <textcolor>main_fg_100</textcolor>
                        <align>left</align>
                        <aligny>top</aligny>
                        <height>50</height>
                        <label>$PARAM[title]</label>
                    </control>
                    <include condition="$PARAM[seasons]" content="Object_Info_Line">
                        <param name="nextaired" value="false" />
                    </include>
                    <include condition="!$PARAM[seasons]" content="Object_Info_Line">
                        <param name="nextaired" value="false" />
                        <param name="label" value="$INFO[Container(5229).ListItem.MPAA,[COLOR=main_fg_100],[/COLOR]  |  ]$INFO[Container(5229).ListItem.Premiered,[COLOR=main_fg_100],[/COLOR]  |  ]$INFO[Container(5229).ListItem.Duration(mins),[COLOR=main_fg_100], $LOCALIZE[31020][/COLOR]  |  ]$INFO[Container(5229).ListItem.EndTime,[COLOR=main_fg_100]$LOCALIZE[31106] ,[/COLOR]]" />
                    </include>
                    <control type="textbox">
                        <top>25</top>
                        <font>font_plotbox</font>
                        <textcolor>main_fg_70</textcolor>
                        <align>left</align>
                        <aligny>top</aligny>
                        <height>200</height>
                        <label>$PARAM[plot]</label>
                    </control>
                </control>
            </control>
        </definition>
    </include>

    <include name="View_52_Showcase_Layout_Standard">
        <top>165</top>
        <right>-15</right>
        <left>-15</left>
        <preloaditems>2</preloaditems>
        <pagecontrol>62</pagecontrol>
    </include>

    <include name="View_52_Showcase_Layout">
        <focusposition>3</focusposition>
        <movement>3</movement>
        <animation effect="slide" end="-122.14" condition="Integer.IsEqual(Container.NumItems,6) | Integer.IsEqual(Container.NumItems,4) | Integer.IsEqual(Container.NumItems,2)">Conditional</animation>
        <include>View_52_Showcase_Layout_Standard</include>
    </include>

    <include name="View_520_Showcase_Layout">
        <focusposition>2</focusposition>
        <movement>2</movement>
        <include>View_52_Showcase_Layout_Standard</include>
    </include>

    <include name="View_521_Showcase_Layout">
        <focusposition>1</focusposition>
        <movement>1</movement>
        <include>View_52_Showcase_Layout_Standard</include>
    </include>

    <include name="View_52_Showcase_Aura_Layout">
        <focusposition>0</focusposition>
        <movement>6</movement>
        <bottom>-30</bottom>
        <right>-15</right>
        <left>-15</left>
        <preloaditems>2</preloaditems>
        <pagecontrol>62</pagecontrol>
    </include>

    <include name="View_52_Showcase_Aura_Info">
        <param name="plotheight" default="120" />
        <definition>
            <control type="grouplist">
                <orientation>vertical</orientation>
                <usecontrolcoords>true</usecontrolcoords>
                <itemgap>0</itemgap>
                <include content="Object_Info_Title">
                    <param name="font" value="$PARAM[font]" />
                    <param name="titleheight" value="$PARAM[titleheight]" />
                </include>
                <include>Object_Info_Line</include>
                <include>Object_Info_Ratings</include>
                <include content="Object_Info_Plot">
                    <param name="maxheight" value="$PARAM[plotheight]" />
                </include>
            </control>
        </definition>
    </include>

    <include name="View_520_Showcase_Aura_Info">
        <control type="grouplist">
            <orientation>vertical</orientation>
            <usecontrolcoords>true</usecontrolcoords>
            <itemgap>0</itemgap>
            <include>Object_Info_Title</include>
            <include>Object_Info_Line</include>
            <include content="Object_Info_Plot">
                <param name="maxheight" value="200" />
            </include>
        </control>
    </include>
    
    <include name="View_52_Showcase">
        <control type="group">
            <include>View_Group</include>
            <visible>Control.IsVisible(52)</visible>
            <include content="View_51_Wall_Container" condition="!Skin.HasSetting(UseAuraShowcase)">
                <param name="id" value="52" />
                <param name="height" value="item_row_height" />
                <param name="orientation" value="horizontal" />
                <param name="labelinclude" value="Defs_Null" />
                <param name="controltype" value="fixedlist" />
                <param name="controllayout" value="View_52_Showcase_Layout" />
                <param name="visible" value="Container.Content(movies) | Container.Content(sets) | Container.Content(tvshows) | Container.Content(seasons)" />
                <param name="viewtype" value="$LOCALIZE[31040]" />
                <param name="viewtypename" value="wrap" />
                <param name="forced" value="true" />
                <include>View_Horizontal_Movement</include>
            </include>
            <include content="View_52_Showcase_Header" condition="!Skin.HasSetting(UseAuraShowcase)">
                <param name="id" value="52" />
            </include>
            <include content="View_52_Showcase_Plot" condition="!Skin.HasSetting(UseAuraShowcase)">
                <param name="id" value="52" />
            </include>

            <include content="View_51_Wall_Container" condition="Skin.HasSetting(UseAuraShowcase)">
                <param name="id" value="52" />
                <param name="height" value="item_row_height" />
                <param name="orientation" value="horizontal" />
                <param name="controltype" value="fixedlist" />
                <param name="controllayout" value="View_52_Showcase_Aura_Layout" />
                <param name="visible" value="Container.Content(movies) | Container.Content(sets) | Container.Content(tvshows) | Container.Content(seasons)" />
                <param name="viewtype" value="$LOCALIZE[31040]" />
                <param name="viewtypename" value="wrap" />
                <param name="forced" value="true" />
                <include>View_Horizontal_Movement</include>
            </include>
            <include condition="Skin.HasSetting(UseAuraShowcase)">View_52_Showcase_Aura_Info</include>
        </control>
    </include>



    <include name="View_520_Showcase_Square">
        <control type="group">
            <include>View_Group</include>
            <visible>Control.IsVisible(520)</visible>
            <include content="View_51_Wall_Container" condition="!Skin.HasSetting(UseAuraShowcase)">
                <param name="id" value="520" />
                <param name="itemwidth" value="item_square_width" />
                <param name="height" value="item_row_height" />
                <param name="diffuse" value="diffuse/square-wall.png" />
                <param name="labelinclude" value="Defs_Null" />
                <param name="orientation" value="horizontal" />
                <param name="controltype" value="fixedlist" />
                <param name="controllayout" value="View_520_Showcase_Layout" />
                <param name="visible" value="Container.Content(artists) | Container.Content(albums) | Container.Content(addons)" />
                <param name="viewtype" value="$LOCALIZE[31362]" />
                <param name="viewtypename" value="wrap" />
                <param name="forced" value="true" />
                <include>View_Horizontal_Movement</include>
            </include>
            <include content="View_52_Showcase_Header" condition="!Skin.HasSetting(UseAuraShowcase)">
                <param name="id" value="520" />
            </include>
            <include content="View_52_Showcase_Plot" condition="!Skin.HasSetting(UseAuraShowcase)">
                <param name="id" value="520" />
                <param name="ratings" value="false" />
                <param name="plotheight" value="200" />
                <param name="bottom" value="20" />
            </include>

            <include content="View_51_Wall_Container" condition="Skin.HasSetting(UseAuraShowcase)">
                <param name="id" value="520" />
                <param name="itemwidth" value="item_square_width" />
                <param name="height" value="item_row_height" />
                <param name="diffuse" value="diffuse/square-wall.png" />
                <param name="orientation" value="horizontal" />
                <param name="controltype" value="fixedlist" />
                <param name="controllayout" value="View_52_Showcase_Aura_Layout" />
                <param name="visible" value="Container.Content(artists) | Container.Content(albums) | Container.Content(addons)" />
                <param name="viewtype" value="$LOCALIZE[31362]" />
                <param name="viewtypename" value="wrap" />
                <param name="forced" value="true" />
                <movement>4</movement>
                <include>View_Horizontal_Movement</include>
            </include>
            <include condition="Skin.HasSetting(UseAuraShowcase)">View_520_Showcase_Aura_Info</include>
        </control>
    </include>

    <include name="View_521_Showcase_Landscape">
        <control type="group">
            <include>View_Group</include>
            <visible>Control.IsVisible(521)</visible>
            <include content="View_51_Wall_Container" condition="!Skin.HasSetting(UseAuraShowcase)">
                <param name="id" value="521" />
                <param name="height" value="423.75" />
                <param name="labelinclude" value="Defs_Null" />
                <param name="orientation" value="horizontal" />
                <param name="controltype" value="fixedlist" />
                <param name="controllayout" value="View_521_Showcase_Layout" />
                <param name="diffuse" value="diffuse/landscape-wall.png" />
                <param name="itemwidth" value="item_landscape_width" />
                <param name="itemheight" value="423.75" />
                <param name="icon" value="$VAR[Image_Fanart]" />
                <param name="clearlogo" value="String.IsEqual(ListItem.DBType,movie) | String.IsEqual(ListItem.DBType,tvshow)" />
                <param name="iconheight" value="item_icon_height" />
                <param name="visible" value="Container.Content(movies) | Container.Content(sets) | Container.Content(tvshows) | Container.Content(episodes) | Container.Content(videos)" />
                <param name="viewtype" value="$LOCALIZE[31361]" />
                <param name="viewtypename" value="wrap" />
                <param name="forced" value="true" />
                <include>View_Horizontal_Movement</include>
            </include>
            <include content="View_52_Showcase_Header" condition="!Skin.HasSetting(UseAuraShowcase)">
                <param name="id" value="521" />
            </include>
            <include content="View_52_Showcase_Plot" condition="!Skin.HasSetting(UseAuraShowcase)">
                <param name="id" value="521" />
            </include>

            <include content="View_51_Wall_Container" condition="Skin.HasSetting(UseAuraShowcase)">
                <param name="id" value="521" />
                <param name="height" value="423.75" />
                <param name="orientation" value="horizontal" />
                <param name="controltype" value="fixedlist" />
                <param name="controllayout" value="View_52_Showcase_Aura_Layout" />
                <param name="labelinclude" value="View_51_Wall_Landscape_Label" />
                <param name="diffuse" value="diffuse/landscape-wall.png" />
                <param name="itemwidth" value="item_landscape_width" />
                <param name="itemheight" value="423.75" />
                <param name="icon" value="$VAR[Image_Fanart]" />
                <param name="clearlogo" value="String.IsEqual(ListItem.DBType,movie) | String.IsEqual(ListItem.DBType,tvshow)" />
                <param name="iconheight" value="item_icon_height" />
                <param name="visible" value="Container.Content(movies) | Container.Content(sets) | Container.Content(tvshows) | Container.Content(episodes) | Container.Content(videos)" />
                <param name="viewtype" value="$LOCALIZE[31361]" />
                <param name="viewtypename" value="wrap" />
                <param name="forced" value="true" />
                <movement>2</movement>
                <include>View_Horizontal_Movement</include>
            </include>
            <include condition="Skin.HasSetting(UseAuraShowcase)">View_52_Showcase_Aura_Info</include>
        </control>
    </include>

    <include name="View_522_Showcase_Seasons">
        <control type="group">
            <include>View_Group</include>
            <visible>Control.IsVisible(522)</visible>
                
            <include content="View_51_Wall_Container">
                <param name="id" value="522" />
                <param name="height" value="item_row_height" />
                <param name="viewtype" value="$LOCALIZE[31427]" />
                <param name="viewtypename" value="biglist" />
                <param name="forced" value="true" />
                <param name="visible" value="Container.Content(seasons)" />
                <param name="orientation" value="horizontal" />
                <param name="controllayout" value="View_514_Wall_Info_Layout" />
                <width>1028.56</width>
                <onup>300</onup>
                <ondown>SetFocus(5229,0,absolute)</ondown>
                <onright>522</onright>
                <onleft>522</onleft>
            </include>

            <include content="View_522_Showcase_Seasons_Info">
                <param name="visible" value="!Control.HasFocus(5229)" />
                <param name="icon" value="$INFO[Container(522).ListItem.Art(fanart)]" />
                <param name="title" value="$INFO[Container(522).ListItem.TvShowTitle]" />
                <param name="plot" value="$INFO[Container(522).ListItem.Plot]" />
                <param name="seasons" value="true" />
            </include>

            <include content="View_522_Showcase_Seasons_Info">
                <param name="visible" value="Control.HasFocus(5229)" />
                <param name="icon" value="$INFO[Container(5229).ListItem.Art(thumb)]" />
                <param name="title" value="$INFO[Container(5229).ListItem.Title]" />
                <param name="plot" value="$INFO[Container(5229).ListItem.Plot]" />
                <param name="seasons" value="false" />
            </include>

            <include content="View_50_List_Control">
                <param name="top" value="390" />
                <param name="height" value="390" />
                <param name="right" value="771.44" />
                <param name="id" value="5229" />
                <param name="forced" value="false" />
                <param name="visible" value="Control.IsVisible(522)" />
                <param name="controllayout" value="Defs_Null" />
                <param name="controltype" value="fixedlist" />
                <param name="flipsides" value="Skin.HasSetting(FlipSide)" />
                <movement>2</movement>
                <focusposition>2</focusposition>
                <onleft>SetFocus(5229,0,absolute)</onleft>
                <onleft>522</onleft>
                <onright>SetFocus(5229,0,absolute)</onright>
                <onright>522</onright>
                <onup>522</onup>
                <ondown>noop</ondown>
                <onback>SetFocus(5229,0,absolute)</onback>
                <onback>522</onback>
                <content target="videos" sortby="episode" sortorder="ascending">$INFO[Container(522).ListItem.FolderPath]</content>
            </include>
        </control>
    </include>

    <include name="View_523_Showcase_Lovefilm">
        <control type="group">
            <include>View_Group</include>
            <visible>Control.IsVisible(523)</visible>
            <include content="Info_Gallery">
                <param name="id" value="523" />
                <param name="controltype" value="wraplist" />
                <param name="icon" value="$VAR[Image_Fanart]" />
                <viewtype label="$LOCALIZE[31231]">bigwrap</viewtype>
                <include content="View_Forced">
                    <param name="string" value="$LOCALIZE[31231]" />
                </include>
                <visible>Container.Content(movies) | Container.Content(tvshows)</visible>
                <onleft>523</onleft>
                <onright>523</onright>
                <onup>300</onup>
                <left>-15</left>
                <top>-15</top>
            </include>
        </control>
    </include>

</includes>

