<?xml version="1.0" encoding="UTF-8"?>
<includes>
    <include name="View_51_Wall_Label">
        <control type="label">
            <left>15</left>
            <right>15</right>
            <font>font_statusbar</font>
            <selectedcolor>main_fg_100</selectedcolor>
            <textcolor>main_fg_100</textcolor>
            <top>$PARAM[iconheight]</top>
            <bottom>30</bottom>
            <aligny>center</aligny>
            <align>center</align>
            <label>$INFO[ListItem.Label]</label>
        </control>
    </include>

    <include name="View_51_Wall_Landscape_Label">
        <control type="label">
            <left>15</left>
            <right>15</right>
            <font>font_statusbar</font>
            <selectedcolor>main_fg_100</selectedcolor>
            <textcolor>main_fg_100</textcolor>
            <top>$PARAM[iconheight]</top>
            <bottom>25</bottom>
            <aligny>center</aligny>
            <align>left</align>
            <label>$INFO[ListItem.Label]</label>
        </control>
        <control type="label">
            <left>15</left>
            <right>15</right>
            <font>font_statusbar</font>
            <selectedcolor>main_fg_100</selectedcolor>
            <textcolor>main_fg_100</textcolor>
            <top>$PARAM[iconheight]</top>
            <bottom>25</bottom>
            <aligny>center</aligny>
            <align>right</align>
            <label>$INFO[ListItem.Label2]</label>
        </control>
    </include>

    <include name="View_51_Wall_Landscape_Home_Label">
        <control type="label">
            <left>15</left>
            <right>15</right>
            <font>font_statusbar</font>
            <selectedcolor>main_fg_100</selectedcolor>
            <textcolor>main_fg_100</textcolor>
            <top>348.75</top>
            <height>20</height>
            <aligny>center</aligny>
            <align>left</align>
            <label>$INFO[ListItem.Label]</label>
        </control>
        <control type="label">
            <left>15</left>
            <right>15</right>
            <font>font_statusbar</font>
            <selectedcolor>main_fg_100</selectedcolor>
            <textcolor>main_fg_100</textcolor>
            <top>348.75</top>
            <height>20</height>
            <aligny>center</aligny>
            <align>right</align>
            <label>$INFO[ListItem.Premiered]</label>
        </control>
    </include>

    <include name="View_51_Wall_Circle">
        <control type="image">
            <left>-10</left>
            <right>-10</right>
            <bottom>-10</bottom>
            <top>-10</top>
            <bordersize>15</bordersize>
            <bordertexture colordiffuse="Shadow">diffuse/circle-shadow.png</bordertexture>
            <visible>Control.HasFocus($PARAM[id])</visible>
            <visible>$PARAM[selectbox]</visible>
            <texture>diffuse/circle.png</texture>
        </control>
        <control type="image">
            <bordersize>15</bordersize>
            <aspectratio scalediffuse="false">scale</aspectratio>
            <bordertexture />
            <texture colordiffuse="PosterBack" diffuse="$PARAM[diffuse]">common/geometric.png</texture>
            <visible>$PARAM[selectbox]</visible>
        </control>
        <control type="image">
            <bordersize>15</bordersize>
            <aspectratio scalediffuse="false">scale</aspectratio>
            <bordertexture colordiffuse="Shadow">diffuse/circle-shadow.png</bordertexture>
            <texture colordiffuse="PosterBack" diffuse="$PARAM[diffuse]">common/geometric.png</texture>
            <visible>!$PARAM[selectbox]</visible>
        </control>
    </include>

    <include name="View_51_Wall_Itemlayout">
        <param name="altid" default="999999" />
        <param name="icon" default="$VAR[Image_Poster]" />
        <param name="iconheight" default="item_icon_height" />
        <param name="labelinclude" default="View_51_Wall_Label" />
        <param name="aspectratio" default="scale" />
        <param name="clearlogo" default="false" />
        <param name="circle" default="false" />
        <param name="diffuse" default="diffuse/poster-wall.png" />
        <definition>
            <control type="group">
                <right>10</right>
                <control type="group">
                    <height>$PARAM[iconheight]</height>
                    <include condition="$PARAM[circle]" content="View_51_Wall_Circle">
                        <param name="diffuse" value="$PARAM[diffuse]" />
                        <param name="selectbox" value="$PARAM[selectbox]" />
                        <param name="id" value="$PARAM[id]" />
                    </include>

                    <include content="Object_Geometric" condition="!$PARAM[circle]">
                        <param name="diffuse" value="$PARAM[diffuse]" />
                    </include>
                    
                    <include>Object_DefaultIcon</include>

                    <include content="Object_Poster">
                        <param name="icon" value="$PARAM[icon]" />
                        <param name="aspectratio" value="$PARAM[aspectratio]" />
                        <param name="bordersize" value="$PARAM[bordersize]" />
                        <param name="diffuse" value="$PARAM[diffuse]" />
                    </include>

                    <control type="image">
                        <bordersize>15</bordersize>
                        <texture colordiffuse="80000000">diffuse/circle.png</texture>
                        <visible>!$PARAM[selectbox]</visible>
                        <visible>$PARAM[circle]</visible>
                    </control>

                    <include condition="!$PARAM[circle]">View_WatchedOverlay</include>
                    
                    <control type="group">
                        <visible>!$PARAM[circle]</visible>
                        <visible>Control.HasFocus($PARAM[id]) | Control.HasFocus($PARAM[altid])</visible>
                        <include condition="$PARAM[selectbox]" content="View_Selectbox">
                            <param name="focusbounce" value="$PARAM[focusbounce]" />
                        </include>
                    </control>
                </control>
                <include content="$PARAM[labelinclude]">
                    <param name="bordersize" value="$PARAM[bordersize]" />
                    <param name="diffuse" value="$PARAM[diffuse]" />
                    <param name="iconheight" value="$PARAM[iconheight]" />
                    <param name="label2" value="$PARAM[label2]" />
                </include>

                <control type="group">
                    <height>$PARAM[iconheight]</height>
                    <control type="image">
                        <right>30</right>
                        <bottom>30</bottom>
                        <width>33%</width>
                        <aspectratio align="right" aligny="bottom">keep</aspectratio>
                        <texture>$VAR[Image_ClearLogo]</texture>
                        <visible>$PARAM[clearlogo]</visible>
                    </control>
                </control>
            </control>
        </definition>
    </include>

    <include name="View_512_Wall_Label">
        <control type="label">
            <left>15</left>
            <right>15</right>
            <font>font_statusbar</font>
            <textcolor>main_fg_100</textcolor>
            <top>$PARAM[iconheight]</top>
            <bottom>30</bottom>
            <aligny>center</aligny>
            <align>center</align>
            <label>$VAR[Label_IconWall]</label>
        </control>
    </include>

    <include name="View_512_Wall_Itemlayout">
        <param name="icon" default="$INFO[ListItem.Icon]" />
        <param name="iconheight" default="345" />
        <param name="labelinclude" default="View_512_Wall_Label" />
        <param name="aspectratio" default="scale" />
        <param name="diffuse" default="diffuse/poster-wall.png" /> <!-- FIX ME -->
        <definition>
            <control type="group">
                <right>10</right>
                <height>$PARAM[iconheight]</height>
                <include content="Object_Geometric">
                    <param name="diffuse" value="$PARAM[diffuse]" />
                </include>
                <control type="image">
                    <centertop>50%</centertop>
                    <centerleft>50%</centerleft>
                    <width>80</width>
                    <height>80</height>
                    <texture background="true" fallback="DefaultGenres.png">$VAR[Image_GenreIcons]</texture>
                    <visible>String.IsEqual(ListItem.DBType,genre)</visible>
                </control>
                <control type="image">
                    <bordersize>15</bordersize>
                    <aspectratio>keep</aspectratio>
                    <texture background="true" fallback="DefaultCountry.png" colordiffuse="panel_fg_30">$INFO[ListItem.Label,resource://resource.images.moviecountryicons.maps/,.png]</texture>
                    <visible>String.IsEqual(ListItem.DBType,country)</visible>
                </control>
                <control type="image">
                    <bordersize>30</bordersize>
                    <aspectratio>keep</aspectratio>
                    <texture background="true" fallback="DefaultStudios.png" colordiffuse="panel_fg_100">$INFO[ListItem.Label,resource://resource.images.studios.white/,.png]</texture>
                    <visible>String.IsEqual(ListItem.DBType,studio)</visible>
                </control>
                <control type="image">
                    <width>128</width>
                    <height>128</height>
                    <centertop>50%</centertop>
                    <centerleft>50%</centerleft>
                    <aspectratio>keep</aspectratio>
                    <texture background="true">$INFO[ListItem.Icon]</texture>
                    <visible>String.IsEmpty(ListItem.DBType) + !String.IsEmpty(ListItem.Icon) + String.StartsWith(ListItem.Icon,Default)</visible>
                </control>
                <control type="image">
                    <bordersize>15</bordersize>
                    <aspectratio scalediffuse="false">keep</aspectratio>
                    <texture background="true" diffuse="$PARAM[diffuse]">$INFO[ListItem.Icon]</texture>
                    <visible>String.IsEmpty(ListItem.DBType) + !String.IsEmpty(ListItem.Icon) + !String.StartsWith(ListItem.Icon,Default)</visible>
                </control>
                <control type="textbox">
                    <left>50</left>
                    <right>50</right>
                    <align>center</align>
                    <aligny>center</aligny>
                    <font>font_medium_bold</font>
                    <textcolor>panel_fg_100</textcolor>
                    <label>$INFO[ListItem.Label]</label>
                    <visible>String.IsEqual(ListItem.DBType,country) | String.IsEqual(ListItem.DBType,director) | String.IsEqual(ListItem.DBType,year) | [String.IsEmpty(ListItem.DBType) + String.IsEmpty(ListItem.Icon)]</visible>
                </control>
                <control type="group">
                    <visible>Control.HasFocus($PARAM[id])</visible>
                    <include condition="$PARAM[selectbox]">View_Selectbox</include>
                </control>
            </control>
            <include content="$PARAM[labelinclude]">
                <param name="iconheight" value="$PARAM[iconheight]" />
            </include>
        </definition>
    </include>

    <include name="View_51_Wall_Container">
        <param name="itemlayout" default="View_51_Wall_Itemlayout" />
        <param name="itemwidth" default="item_poster_width" />
        <param name="itemheight" default="item_row_height" />
        <param name="controltype" default="panel" />
        <param name="controllayout" default="View_Standard" />
        <param name="orientation" default="vertical" />
        <param name="visible" default="true" />
        <param name="aspectratio" default="scale" />
        <param name="viewtype" default="$LOCALIZE[31415]" />
        <param name="viewtypename" default="icon" />
        <param name="forced" default="false" />
        <param name="circle" default="false" />
        <param name="diffuse" default="diffuse/poster-wall.png" />
        <param name="altid" default="999999" />
        <definition>
            <control type="$PARAM[controltype]" id="$PARAM[id]">
                <nested />
                <scrolltime tween="quadratic">400</scrolltime>
                <include>$PARAM[controllayout]</include>
                <orientation>$PARAM[orientation]</orientation>
                <height>$PARAM[height]</height>
                <visible>$PARAM[visible]</visible>
                <viewtype label="$PARAM[viewtype]">$PARAM[viewtypename]</viewtype>
                <include content="View_Forced" condition="$PARAM[forced]">
                    <param name="string" value="$PARAM[viewtype]" />
                </include>
                <itemlayout width="$PARAM[itemwidth]" height="$PARAM[itemheight]">
                    <include content="$PARAM[itemlayout]">
                        <param name="selectbox" value="false" />
                        <param name="icon" value="$PARAM[icon]" />
                        <param name="iconheight" value="$PARAM[iconheight]" />
                        <param name="labelinclude" value="$PARAM[labelinclude]" />
                        <param name="id" value="$PARAM[id]" />
                        <param name="aspectratio" value="$PARAM[aspectratio]" />
                        <param name="diffuse" value="$PARAM[diffuse]" />
                        <param name="clearlogo" value="$PARAM[clearlogo]" />
                        <param name="circle" value="$PARAM[circle]" />
                        <param name="label2" value="$PARAM[label2]" />
                    </include>
                </itemlayout>
                <focusedlayout width="$PARAM[itemwidth]" height="$PARAM[itemheight]">
                    <include content="$PARAM[itemlayout]">
                        <param name="selectbox" value="true" />
                        <param name="icon" value="$PARAM[icon]" />
                        <param name="iconheight" value="$PARAM[iconheight]" />
                        <param name="labelinclude" value="$PARAM[labelinclude]" />
                        <param name="id" value="$PARAM[id]" />
                        <param name="altid" value="$PARAM[altid]" />
                        <param name="aspectratio" value="$PARAM[aspectratio]" />
                        <param name="focusbounce" value="$PARAM[focusbounce]" />
                        <param name="diffuse" value="$PARAM[diffuse]" />
                        <param name="clearlogo" value="$PARAM[clearlogo]" />
                        <param name="circle" value="$PARAM[circle]" />
                        <param name="label2" value="$PARAM[label2]" />
                    </include>
                </focusedlayout>
            </control>
        </definition>
    </include>

    <include name="View_51_Wall">
        <control type="group">
            <include>View_Group</include>
            <visible>Control.IsVisible(51)</visible>
            <include content="View_51_Wall_Container">
                <param name="id" value="51" />
                <param name="height" value="view_height" />
                <param name="viewtype" value="$LOCALIZE[31358]" />
                <param name="viewtypename" value="icon" />
                <param name="forced" value="true" />
                <param name="visible" value="Container.Content(movies) | Container.Content(sets) | Container.Content(tvshows) | Container.Content(seasons) | Container.Content(actors)" />
                <include>View_Vertical_Movement</include>
            </include>
        </control>
    </include>
    <include name="View_510_Wall_Square">
        <control type="group">
            <include>View_Group</include>
            <visible>Control.IsVisible(510)</visible>
            <include content="View_51_Wall_Container">
                <param name="id" value="510" />
                <param name="height" value="view_height" />
                <param name="itemwidth" value="item_square_width" />
                <param name="iconheight" value="item_icon_height" />
                <param name="aspectratio" value="keep" />
                <param name="viewtype" value="$LOCALIZE[31360]" />
                <param name="viewtypename" value="icon" />
                <param name="diffuse" value="diffuse/square-wall.png" />
                <param name="forced" value="true" />
                <param name="visible" value="Container.Content(artists) | Container.Content(albums) | Container.Content(games) | Container.Content(programs) | Container.Content(addons) | Container.Content(images) | Container.Content()" />
                <include>View_Vertical_Movement</include>
            </include>
        </control>
    </include>

    <include name="View_511_Wall_Landscape">
        <control type="group">
            <include>View_Group</include>
            <visible>Control.IsVisible(511)</visible>
            <include content="View_51_Wall_Container">
                <param name="id" value="511" />
                <param name="height" value="view_height" />
                <param name="itemwidth" value="item_landscape_width" />
                <param name="itemheight" value="item_row_height" />
                <param name="icon" value="$VAR[Image_Fanart]" />
                <param name="clearlogo" value="String.IsEqual(ListItem.DBType,movie) | String.IsEqual(ListItem.DBType,tvshow)" />
                <param name="iconheight" value="item_icon_height" />
                <param name="diffuse" value="diffuse/landscape-wall.png" />
                <param name="viewtype" value="$LOCALIZE[31359]" />
                <param name="viewtypename" value="wide" />
                <param name="forced" value="true" />
                <param name="labelinclude" value="View_51_Wall_Landscape_Label" />
                <param name="visible" value="Container.Content(movies) | Container.Content(sets) | Container.Content(tvshows) | Container.Content(episodes) | Container.Content(videos) | Container.Content(images)" />
                <include>View_Vertical_Movement</include>
            </include>
        </control>
    </include>
    <include name="View_512_Wall_Icons">
        <control type="group">
            <include>View_Group</include>
            <visible>Control.IsVisible(512)</visible>
            <include content="View_51_Wall_Container">
                <param name="id" value="512" />
                <param name="height" value="view_height" />
                <param name="itemlayout" value="View_512_Wall_Itemlayout" />
                <param name="itemwidth" value="item_square_width" />
                <param name="itemheight" value="275" />
                <param name="iconheight" value="220" />
                <param name="diffuse" value="diffuse/icon-wall.png" />
                <param name="viewtype" value="$LOCALIZE[31424]" />
                <param name="viewtypename" value="icon" />
                <param name="forced" value="true" />
                <param name="visible" value="Container.Content(genres) | Container.Content(countries) | Container.Content(directors) | Container.Content(studios) | Container.Content(years)" />
                <include>View_Vertical_Movement</include>
            </include>
        </control>
    </include>

    <include name="View_513_Wall_Circle">
        <control type="group">
            <include>View_Group</include>
            <visible>Control.IsVisible(513)</visible>
            <include content="View_51_Wall_Container">
                <param name="id" value="513" />
                <param name="height" value="view_height" />
                <param name="itemwidth" value="item_square_width" />
                <param name="iconheight" value="item_icon_height" />
                <param name="aspectratio" value="scale" />
                <param name="diffuse" value="diffuse/circle.png" />
                <param name="circle" value="true" />
                <param name="viewtype" value="$LOCALIZE[31425]" />
                <param name="viewtypename" value="icon" />
                <param name="forced" value="true" />
                <param name="visible" value="Container.Content(artists) | Container.Content(images) | Container.Content(actors)" />
                <include>View_Vertical_Movement</include>
            </include>
        </control>
    </include>

    <include name="View_514_Wall_Info_Layout">
        <top>-15</top>
        <include>View_Wall_FlipSides</include>
        <preloaditems>2</preloaditems>
        <pagecontrol>60</pagecontrol>
    </include>

    <include name="View_514_Wall_Info">
        <control type="group">
            <include>View_Group</include>
            <visible>Control.IsVisible(514)</visible>
            <include content="View_51_Wall_Container">
                <param name="id" value="514" />
                <param name="height" value="view_height" />
                <param name="viewtype" value="$LOCALIZE[31426]" />
                <param name="viewtypename" value="icon" />
                <param name="controllayout" value="View_514_Wall_Info_Layout" />
                <param name="forced" value="true" />
                <param name="visible" value="Container.Content(movies) | Container.Content(sets) | Container.Content(tvshows) | Container.Content(seasons)" />
                <width>1028.56</width>
                <include>View_Vertical_Movement</include>
            </include>
            <include content="View_522_Showcase_Seasons_Info">
                <param name="visible" value="true" />
                <param name="icon" value="$VAR[Image_Fanart]" />
                <param name="title" value="$VAR[Label_List_Title]" />
                <param name="plot" value="$INFO[ListItem.Plot]" />
            </include>
        </control>
    </include>

    <include name="View_515_Wall_Landscape_Small">
        <control type="group">
            <include>View_Group</include>
            <visible>Control.IsVisible(515)</visible>
            <include content="View_51_Wall_Container">
                <param name="id" value="515" />
                <param name="height" value="view_height" />
                <param name="itemwidth" value="450" />
                <param name="itemheight" value="275" />
                <param name="icon" value="$VAR[Image_Fanart]" />
                <param name="clearlogo" value="String.IsEqual(ListItem.DBType,movie) | String.IsEqual(ListItem.DBType,tvshow)" />
                <param name="iconheight" value="265" />
                <param name="diffuse" value="diffuse/landscape-small-wall.png" />
                <param name="viewtype" value="$LOCALIZE[31431]" />
                <param name="viewtypename" value="wide" />
                <param name="forced" value="true" />
                <param name="labelinclude" value="Defs_Null" />
                <param name="visible" value="Container.Content(movies) | Container.Content(sets) | Container.Content(tvshows) | Container.Content(episodes) | Container.Content(videos) | Container.Content(images)" />
                <include>View_Vertical_Movement</include>
            </include>
        </control>
    </include>
</includes>

