<dir>
	<title>[COLOR=white]Ben and Holly's Little Kingdom[/COLOR]</title>
	<meta>
	<imdb>tt1436544</imdb>
	<content>tv</content>
	<title>Ben and Holly's Little Kingdom</title>
	<year>2009</year>
	</meta>
	<wctoon>wcsearch/Ben and Holly's Little Kingdom</wctoon>
	<thumbnail>https://image.tmdb.org/t/p/w1280/coatU7qvnnd38HZY4u5WLlUWw5s.jpg</thumbnail>
	<fanart>https://image.tmdb.org/t/p/w1280/pliuukszqV8gvqjyfJTFqRqVIW5.jpg</fanart>
</dir>
<dir>
	<title>[COLOR=white]Bubble Guppies[/COLOR]</title>
	<meta>
	<imdb>tt0965404</imdb>
	<content>tv</content>
	<title>Bubble Guppies</title>
	<year>2011</year>
	</meta>
	<wctoon>wcsearch/Bubble Guppies</wctoon>
	<thumbnail>https://image.tmdb.org/t/p/w1280/AeS1lVavVEXkOKIJgVxzb7kDBNP.jpg</thumbnail>
	<fanart>https://image.tmdb.org/t/p/w1280/bFkPCeCfuhujobOQwjKnZWTi6Mh.jpg</fanart>
</dir>
<dir>
	<title>[COLOR=white]Chuggington[/COLOR]</title>
	<meta>
	<imdb>tt1307510</imdb>
	<content>tv</content>
	<title>Chuggington</title>
	<year>2008</year>
	</meta>
	<wctoon>wcsearch/Chuggington</wctoon>
	<thumbnail>https://image.tmdb.org/t/p/w1280/hnYINVYoH2mUGHi2ReAROZ83aIr.jpg</thumbnail>
	<fanart>https://image.tmdb.org/t/p/w1280/ePFQnithDG9JHFfyefqhvwyIRvE.jpg</fanart>
</dir>
<dir>
	<title>[COLOR=white]Dora the Explorer[/COLOR]</title>
	<meta>
	<imdb>tt0235917</imdb>
	<content>tv</content>
	<title>Dora the Explorer</title>
	<year>2000</year>
	</meta>
	<wctoon>wcsearch/Dora the Explorer</wctoon>
	<thumbnail>https://image.tmdb.org/t/p/w1280/wPysbi9uCyjSiSpG3doBsJm3GeQ.jpg</thumbnail>
	<fanart>https://image.tmdb.org/t/p/w1280/aOqxmySQ9c49CAz7I2chaoWPOZM.jpg</fanart>
</dir>
<dir>
	<title>[COLOR=white]Fancy Nancy[/COLOR]</title>
	<meta>
	<imdb>tt2229129</imdb>
	<content>tv</content>
	<title>Fancy Nancy</title>
	<year></year>
	</meta>
	<wctoon>wcsearch/Fancy Nancy</wctoon>
	<thumbnail>https://image.tmdb.org/t/p/w1280/hYU80QeINwvO5W6S8Ye26bZlb2h.jpg</thumbnail>
	<fanart>https://image.tmdb.org/t/p/w1280/8tgizjvpF7X7c9ZyyrfRFEmnxt1.jpg</fanart>
</dir>
<dir>
	<title>[COLOR=white]Go Jetters[/COLOR]</title>
	<meta>
	<imdb>tt5172468</imdb>
	<content>tv</content>
	<title>Go Jetters</title>
	<year>2015</year>
	</meta>
	<wctoon>wcsearch/Go Jetters</wctoon>
	<thumbnail>https://image.tmdb.org/t/p/w1280/hxCAe1Fy1TaKCFNY8LrQejvhuvc.jpg</thumbnail>
	<fanart>https://image.tmdb.org/t/p/w1280/zxVD8wxVOJHaiufwRRAuIeIUTTS.jpg</fanart>
</dir>
<item>
	<title>[COLOR=white]LEGO Friends[/COLOR]</title>
	<meta>
	<imdb>tt4049416</imdb>
	<content>tv</content>
	<title>LEGO Friends</title>
	<year>2014</year>
	</meta>
	<wctoon>wcsearch/LEGO Friends</wctoon>
	<thumbnail>https://image.tmdb.org/t/p/w1280/cg3T5q9duD7XI0IJqe2hSdZmn8.jpg</thumbnail>
	<fanart>https://image.tmdb.org/t/p/w1280/AtrZIdBNGyTXuh4Kq2pqlgL01AC.jpg</fanart>
</item>
<dir>
	<title>[COLOR=white]Littlest Pet Shop[/COLOR]</title>
	<meta>
	<imdb>tt2244077</imdb>
	<content>tv</content>
	<title>Littlest Pet Shop</title>
	<year>2012</year>
	</meta>
	<wctoon>wcsearch/Littlest Pet Shop</wctoon>
	<thumbnail>https://image.tmdb.org/t/p/w1280/2D0O7iZuN0AKnEB4D7mw08DCL1n.jpg</thumbnail>
	<fanart>https://image.tmdb.org/t/p/w1280/uF555J2QPd6PKmjoMiyJc4fEKEF.jpg</fanart>
</dir>
<item>
	<title>[COLOR=white]Mickey and the Roadster Racers[/COLOR]</title>
	<meta>
	<imdb>tt6264782</imdb>
	<content>tv</content>
	<title>Mickey and the Roadster Racers</title>
	<year>2017</year>
	</meta>
	<wctoon>wcsearch/Mickey and the Roadster Racers</wctoon>
	<thumbnail>https://image.tmdb.org/t/p/w1280/5me8B4yIwXERyivYiCxyGQboGhE.jpg</thumbnail>
	<fanart>https://image.tmdb.org/t/p/w1280/dBcG40x7EV7mZ2FBsw1uO5Q65E5.jpg</fanart>
</item>
<item>
	<title>[COLOR=white]Mickey Mouse Clubhouse[/COLOR]</title>
	<meta>
	<imdb>tt0784896</imdb>
	<content>tv</content>
	<title>Mickey Mouse Clubhouse</title>
	<year>2006</year>
	</meta>
	<wctoon>wcsearch/Mickey Mouse Clubhouse</wctoon>
	<thumbnail>https://image.tmdb.org/t/p/w1280/6hIeO1oUn6FEnwbw1GEWBWeqv9t.jpg</thumbnail>
	<fanart>https://image.tmdb.org/t/p/w1280None</fanart>
</item>
<dir>
	<title>[COLOR=white]Muppet Babies[/COLOR]</title>
	<meta>
	<imdb>tt6337766</imdb>
	<content>tv</content>
	<title>Muppet Babies</title>
	<year>2018</year>
	</meta>
	<wctoon>wcsearch/Muppet Babies</wctoon>
	<thumbnail>https://image.tmdb.org/t/p/w1280/1N3K3A5q2RgDGL3SAIf3RGPBS6R.jpg</thumbnail>
	<fanart>https://image.tmdb.org/t/p/w1280/upULo2KFcI0mbCyKErbWpGy2PXR.jpg</fanart>
</dir>
<dir>
	<title>[COLOR=white]Nella the Princess Knight[/COLOR]</title>
	<meta>
	<imdb>tt6415656</imdb>
	<content>tv</content>
	<title>Nella the Princess Knight</title>
	<year>2017</year>
	</meta>
	<wctoon>wcsearch/Nella the Princess Knight</wctoon>
	<thumbnail>https://image.tmdb.org/t/p/w1280/qOK0ShCDmPK814ArnEonBl0SryD.jpg</thumbnail>
	<fanart>https://image.tmdb.org/t/p/w1280/1djzUBDfPysChFN1ZNCPlPQHmry.jpg</fanart>
</dir>
<dir>
	<title>[COLOR=white]Numberjacks[/COLOR]</title>
	<meta>
	<imdb>tt1695622</imdb>
	<content>tv</content>
	<title>Numberjacks</title>
	<year>2006</year>
	</meta>
	<wctoon>wcsearch/Numberjacks</wctoon>
	<thumbnail>https://image.tmdb.org/t/p/w1280/iQtjosvmGetxp9NNjxIbfcYJh9u.jpg</thumbnail>
	<fanart>https://image.tmdb.org/t/p/w1280/rSMGRRceIqG8oz1trgVxyKwURoQ.jpg</fanart>
</dir>
<item>
	<title>[COLOR=white]Paw Patrol[/COLOR]</title>
	<meta>
	<imdb>tt3121722</imdb>
	<content>tv</content>
	<title>Paw Patrol</title>
	<year>2015</year>
	</meta>
	<wctoon>wcsearch/Paw Patrol</wctoon>
	<thumbnail>https://image.tmdb.org/t/p/w1280/8V5FVrXOhCtiwiNdncCuasuPLDu.jpg</thumbnail>
	<fanart>https://image.tmdb.org/t/p/w1280/f2D9ekl0p3YzO3oIN44NEsHmXQ5.jpg</fanart>
</item>
<dir>
	<title>[COLOR=white]Peppa Pig[/COLOR]</title>
	<meta>
	<imdb>tt0426769</imdb>
	<content>tv</content>
	<title>Peppa Pig</title>
	<year>2004</year>
	</meta>
	<wctoon>wcsearch/Peppa Pig</wctoon>
	<thumbnail>https://image.tmdb.org/t/p/w1280/fMEUrnUZTuyO7NgUc5Nn5yEWrgK.jpg</thumbnail>
	<fanart>https://image.tmdb.org/t/p/w1280/542Q7hZ2HZmHITX5Fq1bg5IRqrc.jpg</fanart>
</dir>
<dir>
	<title>[COLOR=white]PJ Masks[/COLOR]</title>
	<meta>
	<imdb>tt4148744</imdb>
	<content>tv</content>
	<title>PJ Masks</title>
	<year>2015</year>
	</meta>
	<wctoon>wcsearch/PJ Masks</wctoon>
	<thumbnail>https://image.tmdb.org/t/p/w1280/k06kBjl4DTak3tSaGOkMkz3SWV8.jpg</thumbnail>
	<fanart>https://image.tmdb.org/t/p/w1280/zrB8q8kc68GBLkI91uu5KYYk0j0.jpg</fanart>
</dir>
<dir>
	<title>[COLOR=white]Polly Pocket[/COLOR]</title>
	<meta>
	<imdb>tt8673042</imdb>
	<content>tv</content>
	<title>Polly Pocket</title>
	<year>2018</year>
	</meta>
	<wctoon>wcsearch/Polly Pocket</wctoon>
	<thumbnail>https://www.thetvdb.com/banners/posters/5bb12fa8bb16c.jpg</thumbnail>
	<fanart>https://www.thetvdb.com/banners/fanart/original/5bb803d42c6f3.jpg</fanart>
</dir>
<dir>
	<title>[COLOR=white]Poppy Cat[/COLOR]</title>
	<meta>
	<imdb>tt1905943</imdb>
	<content>tv</content>
	<title>Poppy Cat</title>
	<year>2013</year>
	</meta>
	<wctoon>wcsearch/Poppy Cat</wctoon>
	<thumbnail>https://image.tmdb.org/t/p/w1280/3soMGnEwXK4SNrjXhulsLmhkcKK.jpg</thumbnail>
	<fanart>https://image.tmdb.org/t/p/w1280/z04hLo8Z5FHPV36JIUR4poMwt1I.jpg</fanart>
</dir>
<dir>
	<title>[COLOR=white]Puppy Dog Pals[/COLOR]</title>
	<meta>
	<imdb>tt6688750</imdb>
	<content>tv</content>
	<title>Puppy Dog Pals</title>
	<year>2017</year>
	</meta>
	<wctoon>wcsearch/Puppy Dog Pals</wctoon>
	<thumbnail>https://image.tmdb.org/t/p/w1280/f29HZ92NkSLYx2KmQOyk7nege24.jpg</thumbnail>
	<fanart>https://image.tmdb.org/t/p/w1280/78oxahhOZFPn8uRR2hsdqscix7A.jpg</fanart>
</dir>
<dir>
	<title>[COLOR=white]Sarah & Duck[/COLOR]</title>
	<meta>
	<imdb>tt3070014</imdb>
	<content>tv</content>
	<title>Sarah & Duck</title>
	<year>2013</year>
	</meta>
	<wctoon>wcsearch/Sarah & Duck</wctoon>
	<thumbnail>https://image.tmdb.org/t/p/w1280/jT4xb7WclBvQFTOi6ByHzoAN653.jpg</thumbnail>
	<fanart>https://image.tmdb.org/t/p/w1280/1JYh3wgTtBmxsVgb3Z5etEClg3h.jpg</fanart>
</dir>
<dir>
	<title>[COLOR=white]Shimmer and Shine[/COLOR]</title>
	<meta>
	<imdb>tt4494948</imdb>
	<content>tv</content>
	<title>Shimmer and Shine</title>
	<year>2016</year>
	</meta>
	<wctoon>wcsearch/Shimmer and Shine</wctoon>
	<thumbnail>https://image.tmdb.org/t/p/w1280/jhNkgWivUix1MBrLW0YOBFKTdKb.jpg</thumbnail>
	<fanart>https://image.tmdb.org/t/p/w1280/5th2cQr8ldkpewtaqjrCL55sMio.jpg</fanart>
</dir>
<item>
	<title>[COLOR=white]Sofia the First[/COLOR]</title>
	<meta>
	<imdb>tt2136138</imdb>
	<content>tv</content>
	<title>Sofia the First</title>
	<year>2013</year>
	</meta>
	<wctoon>wcsearch/Sofia the First</wctoon>
	<thumbnail>https://image.tmdb.org/t/p/w1280/soh1wdQ0yaxhzrjmoxYKP0PJCli.jpg</thumbnail>
	<fanart>https://image.tmdb.org/t/p/w1280/nj1qnr4ponnohfhDALLtkZ95iv0.jpg</fanart>
</item>
<item>
	<title>[COLOR=white]Tangled: Before Ever After[/COLOR]</title>
	<meta>
	<imdb>tt5533228</imdb>
	<content>movie</content>
	<title>Tangled: Before Ever After</title>
	<year>2017</year>
	</meta>
	<wctoon>wcsearch/Tangled</wctoon>
	<thumbnail>https://image.tmdb.org/t/p/w1280/48biV3KlOVd8ObJCPfRsDVChvYH.jpg</thumbnail>
	<fanart>https://image.tmdb.org/t/p/w1280/lwupd74bfya8SijedbVd0IawNA4.jpg</fanart>
</item>
<dir>
	<title>[COLOR=white]Teletubbies[/COLOR]</title>
	<meta>
	<imdb>tt0142055</imdb>
	<content>tv</content>
	<title>Teletubbies</title>
	<year>1997</year>
	</meta>
	<wctoon>wcsearch/Teletubbies</wctoon>
	<thumbnail>https://image.tmdb.org/t/p/w1280/aPT70iTW19QXL4IM6le6ojPvxBa.jpg</thumbnail>
	<fanart>https://image.tmdb.org/t/p/w1280/iMRQoFutQjye1A0iMhhlmqJELOr.jpg</fanart>
</dir>
<dir>
	<title>[COLOR=white]Trolls: The Beat Goes On![/COLOR]</title>
	<meta>
	<imdb>tt7539608</imdb>
	<content>tv</content>
	<title>Trolls: The Beat Goes On!</title>
	<year>2018</year>
	</meta>
	<wctoon>wcsearch/Trolls: The Beat Goes On!</wctoon>
	<thumbnail>https://image.tmdb.org/t/p/w1280/16w36qKiM6R6nyEuIhqhKqT7fbv.jpg</thumbnail>
	<fanart>https://image.tmdb.org/t/p/w1280/dZRled0u1H3z3qVaLCQgPeJoS3R.jpg</fanart>
</dir>
<dir>
	<title>[COLOR=white]Vampirina[/COLOR]</title>
	<meta>
	<imdb>tt7010622</imdb>
	<content>tv</content>
	<title>Vampirina</title>
	<year>2017</year>
	</meta>
	<wctoon>wcsearch/Vampirina</wctoon>
	<thumbnail>https://image.tmdb.org/t/p/w1280/irmCC97ttP6vIEkoVRZ2j98DDiN.jpg</thumbnail>
	<fanart>https://image.tmdb.org/t/p/w1280/6mXarbmzJDsrjacrRvqCMCkupDb.jpg</fanart>
</dir>
