<?xml version="1.0" encoding="UTF-8" standalone="yes"?>
<addon id="plugin.program.MattboxWizard2" name="[COLORlime]Mattbox Wizard 2[/COLOR]" version="0.0.7" provider-name="Mattitch">
  <requires>
    <import addon="xbmc.python" version="2.1.0"/>
  </requires>
  <extension point="xbmc.python.pluginsource" library="default.py">
        <provides>executable</provides>
  </extension>
  <extension point="xbmc.service" library="startup.py" start="startup" />
  <extension point="xbmc.addon.metadata">
    <summary lang="en">Mattbox Wizard 2</summary>
    <description lang="en">Mattbox Wizard allows you to get access to the latest Custom And Community Builds</description>
    <platform>all</platform>
  </extension>
</addon>